==============================================================================
RAG STAGE 3 - EMBED     vectors as stored in ChromaDB
==============================================================================
Model              sentence-transformers/all-MiniLM-L6-v2
Dimensions         384
Chunks embedded    55
Distance space     cosine
Collection         mf_facts
Store              C:\Users\nisha\Documents\ISHITA P\Groww-MF-Parag-Parikh\vectorstore
Corpus fingerprint e34d20ee8f76cf17bcab0f45ff7d247041795c5dd20ca84244b21c8e22722f33
Chunks fingerprint 1f47f6f6a56a0b0ae4a787b194f1b928389939671d29507d8bbeb5e88af2c190
Exported           2026-09-30 13:20

Each chunk of text below was turned into 384 numbers by MiniLM. Text that
means similar things lands close together in that 384-dimensional space,
which is what makes search by meaning possible. The numbers themselves are
not interpretable one by one - part 3 is where you can see them working.

==============================================================================
1. SUMMARY - one line per chunk
==============================================================================
id     scheme  topic                         norm       min       max      mean
------------------------------------------------------------------------------
C01    PPFCF   expense_ratio               1.0000   -0.1408    0.1492    0.0004
C02    PPTSF   expense_ratio               1.0000   -0.1346    0.1392    0.0007
C03    PPCHF   expense_ratio               1.0000   -0.1388    0.1412    0.0006
C04    PPDAAF  expense_ratio               1.0000   -0.1373    0.1696    0.0007
C05    PPLF    expense_ratio               1.0000   -0.1370    0.1549    0.0006
C06    ALL     ter_where                   1.0000   -0.1516    0.1416   -0.0006
C10    PPFCF   exit_load                   1.0000   -0.1425    0.1375    0.0002
C11    PPTSF   exit_load                   1.0000   -0.1358    0.1491    0.0001
C12    PPCHF   exit_load                   1.0000   -0.1336    0.1436    0.0004
C13    PPDAAF  exit_load                   1.0000   -0.1436    0.1697    0.0005
C14    PPLF    exit_load                   1.0000   -0.1442    0.1475    0.0008
C20    PPTSF   lock_in                     1.0000   -0.1497    0.1569    0.0000
C30    PPFCF   min_investment              1.0000   -0.1495    0.1352    0.0002
C31    PPTSF   min_investment              1.0000   -0.1381    0.1360    0.0005
C32    PPCHF   min_investment              1.0000   -0.1259    0.1409    0.0002
C33    PPDAAF  min_investment              1.0000   -0.1292    0.1381    0.0003
C34    PPLF    min_investment              1.0000   -0.1275    0.1367    0.0003
C40    PPFCF   min_sip                     1.0000   -0.1319    0.1314   -0.0000
C41    PPTSF   min_sip                     1.0000   -0.1333    0.1312    0.0003
C42    PPCHF   min_sip                     1.0000   -0.1580    0.1260    0.0001
C43    PPDAAF  min_sip                     1.0000   -0.1520    0.1553    0.0002
C44    PPLF    min_sip                     1.0000   -0.1457    0.1373    0.0002
C50    PPFCF   riskometer                  1.0000   -0.1467    0.1795    0.0009
C51    PPTSF   riskometer                  1.0000   -0.1383    0.1741    0.0010
C52    PPCHF   riskometer                  1.0000   -0.1606    0.1823    0.0009
C53    PPDAAF  riskometer                  1.0000   -0.1557    0.1776    0.0010
C54    PPLF    riskometer                  1.0000   -0.1362    0.1731    0.0010
C55    ALL     riskometer_explainer        1.0000   -0.1223    0.1421    0.0013
C60    PPFCF   benchmark                   1.0000   -0.1404    0.1739   -0.0003
C61    PPTSF   benchmark                   1.0000   -0.1412    0.1889   -0.0001
C62    PPCHF   benchmark                   1.0000   -0.1431    0.1825   -0.0004
C63    PPDAAF  benchmark                   1.0000   -0.1568    0.1711   -0.0003
C64    PPLF    benchmark                   1.0000   -0.1533    0.1681   -0.0001
C70    PPFCF   category                    1.0000   -0.1549    0.1690   -0.0003
C71    PPTSF   category                    1.0000   -0.1238    0.1574   -0.0001
C72    PPCHF   category                    1.0000   -0.1635    0.1578   -0.0002
C73    PPDAAF  category                    1.0000   -0.1746    0.1703   -0.0002
C74    PPLF    category                    1.0000   -0.1535    0.1543    0.0002
C80    PPFCF   inception                   1.0000   -0.1409    0.1723   -0.0004
C81    PPTSF   inception                   1.0000   -0.1254    0.1528   -0.0001
C82    PPCHF   inception                   1.0000   -0.1676    0.1693   -0.0004
C83    PPDAAF  inception                   1.0000   -0.1477    0.1587   -0.0001
C84    PPLF    inception                   1.0000   -0.1494    0.1593   -0.0003
C90    PPFCF   fund_managers               1.0000   -0.1509    0.1998   -0.0005
C91    PPLF    fund_managers               1.0000   -0.1676    0.1832   -0.0002
C95    ALL     plans                       1.0000   -0.1714    0.1677    0.0002
C100   ALL     capital_gains_statement     1.0000   -0.1586    0.1598   -0.0001
C101   ALL     account_statement           1.0000   -0.1195    0.1874   -0.0001
C102   ALL     documents                   1.0000   -0.1380    0.1195   -0.0005
C103   ALL     factsheet                   1.0000   -0.1763    0.1698    0.0000
C104   ALL     addendum                    1.0000   -0.1773    0.1543   -0.0004
C105   ALL     scheme_list                 1.0000   -0.1382    0.1751   -0.0006
C106   ALL     entry_load                  1.0000   -0.1461    0.1420    0.0001
C107   ALL     nav                         1.0000   -0.1277    0.1816   -0.0003
C108   ALL     aum                         1.0000   -0.1291    0.1291   -0.0004

==============================================================================
2. FULL VECTORS - all 384 dimensions of every chunk
==============================================================================

------------------------------------------------------------------------------
[C01]  PPFCF - expense_ratio - S07
------------------------------------------------------------------------------
  | Scheme: Parag Parikh Flexi Cap Fund (PPFAS Mutual Fund)
  | Topic: Expense ratio
  | Keywords: expense ratio ter total expense ratio cost charges fees regular direct plan
  | Fact: Parag Parikh Flexi Cap Fund's base expense ratio is 1.05% for the Regular Plan and 0.53% for the Direct Plan, as on the last business day of August 2026. Base expense ratio is exclusive of GST on management fees and of other permitted add-ons; the AMC publishes the current applicable TER separately.

  vector (384 dims, L2 norm 1.0000):
  [  0] +0.006764  -0.045449  -0.099870  +0.037112  +0.087559  +0.009108
  [  6] +0.044020  +0.112667  -0.019144  +0.001595  +0.010523  -0.036316
  [ 12] -0.053035  +0.037232  -0.001751  -0.030675  -0.054134  -0.027346
  [ 18] +0.047471  +0.048316  -0.005128  -0.027886  -0.013709  -0.029427
  [ 24] +0.017705  -0.014473  +0.060624  +0.032328  +0.004812  -0.008411
  [ 30] -0.024812  +0.058915  -0.023178  -0.051364  +0.011222  +0.046479
  [ 36] -0.074539  -0.018000  +0.041602  +0.035522  +0.014272  +0.092807
  [ 42] -0.047123  -0.054939  +0.035203  -0.020421  -0.059420  +0.063462
  [ 48] -0.039998  +0.095303  +0.073004  +0.009007  +0.003494  -0.011979
  [ 54] -0.027880  +0.000038  -0.071871  -0.012138  -0.016403  -0.036692
  [ 60] -0.083556  -0.038822  -0.003671  -0.036195  +0.017260  +0.065670
  [ 66] +0.006601  +0.021989  -0.009608  -0.020914  -0.087820  +0.012637
  [ 72] -0.064115  -0.074236  -0.072291  +0.045237  +0.027950  +0.036579
  [ 78] -0.039760  +0.008380  +0.030011  -0.053519  +0.079723  +0.018901
  [ 84] +0.049223  -0.026844  +0.052210  -0.024915  -0.012066  -0.018525
  [ 90] +0.083366  +0.012107  -0.024130  -0.010496  -0.048709  +0.036248
  [ 96] -0.140838  -0.079910  -0.035483  -0.026375  +0.013977  -0.022190
  [102] +0.028817  -0.023576  -0.047057  -0.003503  +0.032805  +0.007042
  [108] +0.065087  +0.041908  -0.024940  +0.078293  -0.000664  -0.006946
  [114] -0.039483  +0.047665  -0.060133  -0.047864  +0.140474  -0.049976
  [120] -0.000138  +0.017435  -0.008309  +0.017807  -0.016387  -0.079748
  [126] -0.094692  +0.000000  -0.050380  +0.037463  +0.088872  -0.104942
  [132] -0.077881  -0.005121  +0.004552  -0.019268  -0.056116  -0.006193
  [138] +0.001615  +0.069006  -0.017565  -0.044192  +0.000951  -0.125312
  [144] +0.028454  +0.147519  +0.065572  -0.046492  -0.035975  +0.107509
  [150] +0.027685  -0.050405  +0.098316  +0.045163  +0.046837  -0.011014
  [156] +0.026327  +0.018983  -0.043292  +0.041918  -0.031175  -0.020194
  [162] -0.023648  +0.000509  -0.005975  -0.040313  -0.052982  -0.009151
  [168] -0.011323  +0.014949  +0.037405  -0.085871  -0.089609  -0.051800
  [174] +0.105373  +0.029151  +0.056399  -0.007039  -0.116063  -0.035346
  [180] -0.057222  +0.004557  +0.044992  -0.055737  -0.057912  +0.005578
  [186] +0.052931  +0.070206  +0.047563  -0.095010  -0.114158  -0.035968
  [192] -0.042133  +0.033879  -0.055809  -0.019712  +0.061129  +0.078072
  [198] -0.049973  +0.036636  +0.029796  +0.057871  +0.017246  -0.001680
  [204] +0.061232  +0.135234  +0.036555  +0.076277  -0.108122  +0.007453
  [210] +0.047290  -0.014943  -0.055153  -0.024666  +0.087811  +0.081499
  [216] -0.052640  -0.024913  +0.103296  +0.014980  -0.032115  +0.021755
  [222] +0.029906  -0.000000  +0.010629  -0.001757  -0.010353  -0.016512
  [228] +0.027889  -0.005234  +0.049328  +0.012264  +0.066922  +0.019035
  [234] -0.043410  +0.043271  -0.058285  -0.026269  +0.004247  -0.053949
  [240] -0.014845  -0.015404  -0.025659  -0.080880  +0.023417  +0.024266
  [246] +0.073881  -0.033058  -0.014528  +0.010648  -0.004078  +0.019811
  [252] -0.060822  +0.081207  -0.045453  -0.047196  -0.047265  +0.056343
  [258] -0.009648  -0.105600  -0.060966  +0.082755  +0.026282  +0.033104
  [264] -0.012378  -0.005574  +0.067533  +0.010359  +0.065709  -0.068103
  [270] +0.014973  -0.107664  +0.037243  -0.048302  -0.022083  -0.005181
  [276] +0.031273  -0.044005  -0.055840  -0.031123  -0.003440  -0.019653
  [282] -0.047842  -0.011881  +0.088801  +0.067686  +0.006478  +0.073882
  [288] +0.012049  -0.014400  +0.018997  -0.099313  +0.015778  +0.017331
  [294] +0.043123  +0.051152  +0.034637  +0.123212  +0.006551  +0.049138
  [300] +0.023316  +0.028288  +0.053856  +0.021655  +0.067056  +0.000156
  [306] -0.093666  +0.007200  -0.058232  -0.031399  +0.061471  +0.051021
  [312] +0.004931  +0.031581  -0.065550  -0.043582  +0.111588  +0.149230
  [318] +0.001494  -0.000000  -0.059110  -0.036351  -0.027890  -0.008784
  [324] -0.021319  -0.009146  +0.023877  -0.041854  -0.037370  +0.039121
  [330] +0.013604  +0.054172  -0.012342  +0.048295  -0.073232  -0.014018
  [336] -0.020543  +0.011620  +0.023173  +0.024552  -0.015730  +0.064291
  [342] -0.053653  -0.026201  +0.019322  +0.067283  -0.032457  +0.083728
  [348] +0.004209  -0.024879  +0.040318  -0.017629  -0.021572  -0.036402
  [354] -0.078987  +0.087957  +0.025145  +0.061328  +0.040316  +0.134341
  [360] +0.037091  -0.070091  +0.052321  -0.025682  +0.002369  +0.012758
  [366] -0.067886  -0.054340  +0.041288  -0.064307  +0.002373  +0.008801
  [372] -0.059534  -0.005901  -0.003216  -0.014428  -0.020851  -0.003669
  [378] -0.079241  -0.039339  +0.096608  -0.087335  +0.009763  +0.056121

------------------------------------------------------------------------------
[C02]  PPTSF - expense_ratio - S07
------------------------------------------------------------------------------
  | Scheme: Parag Parikh ELSS Tax Saver Fund (PPFAS Mutual Fund)
  | Topic: Expense ratio
  | Keywords: expense ratio ter total expense ratio cost charges fees regular direct plan
  | Fact: Parag Parikh ELSS Tax Saver Fund's base expense ratio is 1.54% for the Regular Plan and 0.54% for the Direct Plan, as on the last business day of August 2026. Base expense ratio is exclusive of GST on management fees and of other permitted add-ons; the AMC publishes the current applicable TER separately.

  vector (384 dims, L2 norm 1.0000):
  [  0] -0.000128  -0.034962  -0.095091  +0.017324  +0.092292  +0.027944
  [  6] +0.046447  +0.072904  -0.009626  +0.024133  +0.004507  -0.026871
  [ 12] -0.009992  -0.006410  -0.004152  -0.009693  -0.038451  -0.030556
  [ 18] +0.041043  +0.019943  +0.034300  -0.037477  -0.032066  -0.001546
  [ 24] +0.051983  -0.051991  +0.069916  +0.016852  +0.013897  -0.020227
  [ 30] +0.011737  +0.023926  -0.039698  -0.049007  -0.002533  +0.053528
  [ 36] -0.071479  -0.004308  +0.009652  +0.044279  +0.010871  +0.079061
  [ 42] -0.077202  -0.073358  +0.011364  -0.014203  -0.060692  +0.041790
  [ 48] -0.067882  +0.109497  +0.065223  +0.003987  -0.014600  -0.014622
  [ 54] -0.035422  -0.063384  -0.068382  +0.027637  -0.031903  -0.047656
  [ 60] -0.088534  -0.043689  -0.011970  -0.046674  -0.018457  +0.053352
  [ 66] +0.018576  +0.014917  -0.024372  -0.019915  -0.084434  +0.010666
  [ 72] -0.036352  -0.051945  -0.072107  +0.049122  +0.057575  +0.028356
  [ 78] -0.064141  -0.027858  +0.062195  -0.001899  +0.045570  +0.028034
  [ 84] +0.044121  -0.042893  +0.076187  -0.035001  +0.014201  -0.042392
  [ 90] +0.092063  -0.008301  -0.030394  -0.008432  -0.055344  +0.025310
  [ 96] -0.134605  -0.072737  -0.035549  -0.040798  +0.046738  +0.009775
  [102] +0.059381  -0.029307  -0.038275  +0.005912  +0.055584  +0.051415
  [108] +0.054633  +0.046752  -0.012668  +0.098346  +0.009830  +0.000946
  [114] -0.025113  +0.055264  -0.053383  -0.064762  +0.139207  -0.068825
  [120] +0.051811  +0.024377  +0.006478  -0.003150  +0.000434  -0.091074
  [126] -0.075815  +0.000000  -0.065057  +0.043607  +0.096762  -0.115575
  [132] -0.090405  +0.005027  +0.021909  +0.021996  -0.031283  -0.024356
  [138] -0.028464  +0.038608  +0.001498  -0.019107  -0.000282  -0.117475
  [144] +0.004849  +0.109007  +0.043906  -0.037275  -0.013763  +0.072597
  [150] -0.005932  -0.047711  +0.067466  +0.032612  +0.065450  -0.027952
  [156] -0.021820  +0.017349  -0.015964  +0.041797  -0.006226  +0.005817
  [162] -0.026266  +0.014297  +0.045550  +0.001237  -0.016877  -0.068771
  [168] -0.020430  +0.030950  +0.065228  -0.056301  -0.097057  -0.087901
  [174] +0.096286  +0.030733  +0.054421  +0.016688  -0.073146  -0.080642
  [180] -0.016732  -0.003306  +0.048079  -0.058640  -0.071178  -0.017433
  [186] +0.032529  +0.038976  +0.079874  -0.076332  -0.097017  -0.048733
  [192] -0.041747  -0.032565  -0.038915  -0.062533  +0.019662  +0.045229
  [198] -0.080535  +0.055791  +0.040057  +0.035474  +0.022788  -0.017047
  [204] +0.023009  +0.128042  +0.035113  +0.077273  -0.099766  -0.007415
  [210] +0.036386  -0.046395  -0.046334  -0.036234  +0.101929  +0.097688
  [216] -0.044287  -0.006598  +0.118817  +0.030723  -0.023590  +0.042629
  [222] +0.020387  -0.000000  -0.010009  +0.027131  +0.015485  +0.037474
  [228] +0.029776  +0.003784  +0.098426  +0.016768  +0.060900  +0.043811
  [234] -0.022640  +0.047267  -0.012150  -0.049099  +0.057657  -0.068383
  [240] -0.030703  -0.002545  -0.038975  -0.106394  +0.013809  +0.063636
  [246] +0.058885  -0.035617  -0.032891  +0.015858  -0.021204  +0.044951
  [252] -0.065555  +0.081496  -0.048716  -0.045238  -0.053103  +0.048096
  [258] -0.017546  -0.103276  -0.051401  +0.082905  -0.014954  +0.028489
  [264] -0.012098  +0.003644  +0.046798  +0.015344  +0.095935  -0.077802
  [270] +0.024208  -0.062899  +0.048920  -0.016395  -0.018342  -0.007670
  [276] -0.000752  -0.020409  -0.023520  +0.006176  -0.042680  -0.005744
  [282] -0.066207  -0.002834  +0.067038  +0.086863  +0.024018  +0.054614
  [288] +0.017028  -0.038243  +0.027656  -0.038658  +0.046184  +0.008256
  [294] -0.003648  +0.068755  -0.008589  +0.068814  +0.015831  +0.030246
  [300] +0.011390  +0.019667  +0.035298  +0.009656  +0.087564  +0.016056
  [306] -0.063516  -0.010247  -0.046947  -0.014348  +0.015927  +0.015257
  [312] +0.017234  +0.012149  -0.065080  -0.047076  +0.114044  +0.134206
  [318] +0.015838  -0.000000  -0.063551  -0.005788  -0.054493  -0.002000
  [324] -0.047326  -0.059622  +0.025048  -0.004195  -0.026725  +0.068818
  [330] +0.061621  +0.044653  -0.029564  +0.054060  -0.052648  -0.052520
  [336] +0.013528  +0.039786  +0.006000  +0.029266  +0.040958  +0.027283
  [342] -0.079211  -0.024514  +0.064785  +0.050467  -0.014839  +0.063026
  [348] +0.008706  -0.021735  +0.053433  -0.012548  -0.041896  -0.032383
  [354] -0.088298  +0.087068  -0.006247  +0.083691  +0.102005  +0.128632
  [360] +0.035839  -0.084369  +0.019646  -0.016635  -0.013616  +0.033303
  [366] -0.064200  -0.090574  +0.002522  -0.059705  +0.012633  -0.011945
  [372] -0.011717  -0.033763  +0.021725  -0.073412  -0.053053  -0.011304
  [378] -0.011209  -0.068320  +0.117995  -0.060665  +0.008271  +0.075510

------------------------------------------------------------------------------
[C03]  PPCHF - expense_ratio - S07
------------------------------------------------------------------------------
  | Scheme: Parag Parikh Conservative Hybrid Fund (PPFAS Mutual Fund)
  | Topic: Expense ratio
  | Keywords: expense ratio ter total expense ratio cost charges fees regular direct plan
  | Fact: Parag Parikh Conservative Hybrid Fund's base expense ratio is 0.54% for the Regular Plan and 0.24% for the Direct Plan, as on the last business day of August 2026. Base expense ratio is exclusive of GST on management fees and of other permitted add-ons; the AMC publishes the current applicable TER separately.

  vector (384 dims, L2 norm 1.0000):
  [  0] +0.016110  -0.037728  -0.119649  +0.028719  +0.047057  +0.010890
  [  6] +0.038775  +0.087626  -0.012646  -0.004149  +0.005685  -0.016902
  [ 12] -0.022869  +0.027980  +0.003264  -0.028137  -0.007190  -0.033150
  [ 18] +0.050126  +0.052841  -0.040335  -0.030332  -0.018715  -0.016076
  [ 24] +0.050896  -0.013958  +0.072672  +0.024790  +0.008629  -0.010058
  [ 30] -0.014535  +0.032794  -0.046783  -0.016761  +0.019785  +0.030059
  [ 36] -0.092861  -0.002995  +0.025513  +0.052713  +0.017443  +0.086218
  [ 42] -0.067419  -0.050904  +0.036716  +0.009876  -0.061595  +0.057141
  [ 48] -0.048573  +0.080244  +0.055478  +0.008020  -0.014834  -0.014356
  [ 54] -0.015551  -0.047411  -0.051998  +0.005679  -0.032036  -0.051796
  [ 60] -0.094915  -0.016911  -0.023981  -0.046762  +0.003465  +0.031686
  [ 66] +0.003656  +0.035100  +0.021894  -0.031961  -0.091530  +0.030252
  [ 72] -0.036239  -0.071584  -0.061813  +0.035593  +0.050204  +0.043508
  [ 78] -0.029793  -0.060634  +0.044925  -0.016890  +0.073295  +0.006987
  [ 84] +0.051830  -0.034916  +0.052211  -0.002781  -0.026106  -0.053092
  [ 90] +0.102109  +0.021303  -0.028158  -0.020481  -0.043980  +0.024813
  [ 96] -0.131268  -0.105670  -0.036726  -0.030032  +0.041053  -0.020047
  [102] +0.066203  -0.002192  -0.047232  +0.004205  +0.041483  +0.030793
  [108] +0.072234  +0.049534  -0.055534  +0.092893  +0.028638  -0.005561
  [114] -0.055518  +0.036039  -0.055521  -0.067391  +0.133187  -0.037805
  [120] +0.008772  -0.005170  -0.015850  +0.021635  -0.019087  -0.068292
  [126] -0.059963  +0.000000  -0.050385  +0.022564  +0.103589  -0.117956
  [132] -0.091380  +0.001623  +0.008854  -0.033819  -0.029052  -0.011521
  [138] -0.015750  +0.047440  -0.039192  -0.028513  -0.012774  -0.134410
  [144] -0.010841  +0.139791  +0.078752  -0.040020  -0.027403  +0.138940
  [150] -0.003512  -0.049566  +0.089491  +0.023973  +0.076241  -0.015491
  [156] -0.020689  +0.021682  -0.041180  +0.006561  -0.039651  +0.000190
  [162] -0.018783  +0.012366  +0.010388  -0.023660  -0.045320  -0.026375
  [168] +0.000645  +0.003814  +0.055953  -0.079505  -0.082285  -0.043968
  [174] +0.117868  +0.044067  +0.020661  +0.024305  -0.109780  -0.035578
  [180] -0.025845  +0.009050  +0.031419  -0.065607  -0.058519  -0.007834
  [186] +0.044796  +0.038279  +0.061757  -0.054627  -0.138830  -0.036878
  [192] -0.070646  -0.005802  -0.070741  -0.025205  +0.060080  +0.089415
  [198] -0.045721  +0.046468  +0.041820  +0.028407  +0.025357  -0.012786
  [204] +0.052074  +0.139779  +0.057133  +0.072113  -0.105966  +0.001011
  [210] +0.036440  -0.022582  -0.059704  -0.020280  +0.116367  +0.065759
  [216] -0.079489  -0.039281  +0.119754  +0.011836  -0.007908  +0.046879
  [222] +0.069925  -0.000000  -0.011423  +0.029274  +0.027126  +0.005847
  [228] +0.011717  -0.002224  +0.053303  +0.007181  +0.057581  +0.047871
  [234] -0.020180  +0.044632  -0.011517  -0.057620  +0.018357  -0.085090
  [240] -0.027511  +0.004956  -0.018570  -0.062330  +0.003471  +0.060223
  [246] +0.024016  -0.022705  -0.017254  +0.010216  +0.017707  +0.031704
  [252] -0.043691  +0.066193  -0.010213  -0.051586  -0.054636  +0.064127
  [258] -0.021377  -0.113533  -0.041502  +0.106736  -0.012418  +0.030837
  [264] -0.002943  -0.010430  +0.065703  +0.003658  +0.068435  -0.050039
  [270] -0.017676  -0.075998  +0.056085  -0.043047  -0.003807  +0.007211
  [276] +0.035430  -0.018435  -0.040677  -0.037620  +0.004637  +0.010921
  [282] -0.029395  -0.007892  +0.057377  +0.069139  +0.016910  +0.055087
  [288] -0.007444  -0.017498  +0.008055  -0.044663  +0.042773  +0.011741
  [294] -0.021914  +0.085813  +0.024255  +0.086479  +0.014438  +0.031328
  [300] +0.042105  +0.015105  +0.056598  +0.030269  +0.096727  -0.010910
  [306] -0.056376  -0.004942  -0.066124  -0.016803  +0.020099  +0.027049
  [312] -0.004263  +0.014245  -0.057643  -0.061678  +0.098229  +0.141213
  [318] -0.000299  -0.000000  -0.052159  -0.028848  -0.023637  -0.005754
  [324] -0.036427  -0.056515  +0.024018  -0.048445  -0.014038  +0.060614
  [330] +0.034105  +0.021577  -0.014697  +0.037497  -0.063499  -0.026541
  [336] -0.001980  -0.011908  +0.022514  +0.015427  -0.027099  +0.041216
  [342] -0.078846  -0.007572  +0.049745  +0.061981  -0.006997  +0.044596
  [348] +0.012164  -0.008690  +0.051364  -0.000620  -0.071876  -0.021408
  [354] -0.098486  +0.083063  +0.033319  +0.085880  +0.057020  +0.112628
  [360] +0.035044  -0.092528  +0.025326  -0.032885  -0.006072  +0.020677
  [366] -0.058402  -0.076935  +0.016273  -0.062525  +0.025527  +0.014684
  [372] -0.026840  -0.024422  -0.000406  -0.032689  -0.032068  -0.013993
  [378] -0.068323  -0.045631  +0.122150  -0.086155  +0.024586  +0.086210

------------------------------------------------------------------------------
[C04]  PPDAAF - expense_ratio - S07
------------------------------------------------------------------------------
  | Scheme: Parag Parikh Dynamic Asset Allocation Fund (PPFAS Mutual Fund)
  | Topic: Expense ratio
  | Keywords: expense ratio ter total expense ratio cost charges fees regular direct plan
  | Fact: Parag Parikh Dynamic Asset Allocation Fund's base expense ratio is 0.53% for the Regular Plan and 0.23% for the Direct Plan, as on the last business day of August 2026. Base expense ratio is exclusive of GST on management fees and of other permitted add-ons; the AMC publishes the current applicable TER separately.

  vector (384 dims, L2 norm 1.0000):
  [  0] -0.004229  -0.033986  -0.104767  +0.050551  +0.035035  +0.005953
  [  6] +0.066770  +0.091066  -0.007448  -0.003995  -0.009635  -0.008519
  [ 12] -0.015188  +0.043718  -0.006173  -0.010939  -0.007010  -0.025573
  [ 18] +0.065884  +0.038065  +0.001504  -0.018270  -0.024832  -0.024092
  [ 24] +0.032840  -0.018855  +0.078368  +0.005673  +0.013023  +0.003017
  [ 30] -0.015763  +0.044596  -0.020892  -0.022937  +0.011609  +0.040495
  [ 36] -0.087790  -0.011723  +0.000744  +0.039581  +0.037156  +0.094943
  [ 42] -0.054368  -0.054079  +0.042404  -0.003662  -0.041100  +0.071420
  [ 48] -0.072308  +0.085435  +0.041866  +0.004645  -0.007392  -0.009817
  [ 54] -0.032904  -0.022946  -0.065372  +0.010831  -0.029646  -0.052797
  [ 60] -0.088568  -0.025614  -0.008845  -0.045735  +0.012832  +0.054509
  [ 66] +0.029031  +0.045344  +0.003962  -0.019932  -0.088035  +0.032987
  [ 72] -0.039330  -0.073059  -0.067292  +0.050640  +0.030966  +0.006765
  [ 78] -0.032296  -0.035085  +0.052119  -0.026774  +0.073580  +0.011432
  [ 84] +0.038976  -0.016744  +0.060197  -0.018223  -0.012340  -0.051633
  [ 90] +0.098399  -0.019810  -0.021419  -0.008032  -0.022070  +0.024662
  [ 96] -0.131425  -0.103680  -0.040992  -0.032661  +0.017314  -0.005152
  [102] +0.040337  -0.002871  -0.061115  +0.009253  +0.046696  +0.031780
  [108] +0.057527  +0.049638  -0.041551  +0.099419  +0.016353  -0.017300
  [114] -0.035062  +0.056461  -0.055107  -0.052542  +0.101780  -0.058788
  [120] +0.028010  -0.000988  -0.025493  +0.034634  -0.018302  -0.083502
  [126] -0.070714  +0.000000  -0.063041  +0.015582  +0.119671  -0.095028
  [132] -0.118193  -0.007896  +0.014387  -0.021252  -0.029758  -0.020429
  [138] -0.013366  +0.066826  -0.049093  -0.014365  +0.013463  -0.131012
  [144] +0.010763  +0.169583  +0.097827  -0.032973  -0.024700  +0.134950
  [150] +0.000626  -0.078157  +0.100740  +0.055395  +0.066140  -0.009983
  [156] -0.014844  +0.015936  -0.023638  -0.004302  -0.049669  -0.010714
  [162] -0.033480  +0.005295  -0.029086  -0.006557  -0.031593  -0.034247
  [168] +0.014822  -0.004572  +0.034034  -0.073518  -0.096408  -0.058937
  [174] +0.123542  +0.041364  +0.006108  +0.017930  -0.091871  -0.056955
  [180] -0.031255  +0.009700  +0.031221  -0.069472  -0.051783  -0.018014
  [186] +0.043099  +0.055265  +0.069001  -0.081292  -0.137333  -0.052441
  [192] -0.060738  +0.001673  -0.042399  -0.015965  +0.050980  +0.070513
  [198] -0.044089  +0.038021  +0.038663  +0.050434  +0.007756  -0.017688
  [204] +0.056656  +0.143030  +0.005353  +0.077031  -0.110561  -0.009666
  [210] +0.051819  -0.018523  -0.061353  -0.004310  +0.116769  +0.039741
  [216] -0.086248  -0.022399  +0.115524  +0.029758  -0.024274  +0.055777
  [222] +0.049830  -0.000000  -0.008573  +0.016890  -0.010261  +0.014819
  [228] +0.028472  -0.015376  +0.053124  +0.015117  +0.063155  +0.021436
  [234] -0.060105  +0.040732  -0.036778  -0.052919  +0.041580  -0.059887
  [240] -0.030560  -0.000818  -0.025562  -0.085779  +0.001420  +0.067353
  [246] +0.063161  -0.065305  -0.017916  +0.040084  +0.013316  +0.047657
  [252] -0.036128  +0.080205  -0.053271  -0.052936  -0.055151  +0.066412
  [258] -0.023618  -0.105492  -0.043267  +0.084027  +0.004543  +0.037177
  [264] -0.009108  -0.000010  +0.052651  +0.033795  +0.062665  -0.056686
  [270] +0.016647  -0.050850  +0.068153  -0.047322  -0.006226  +0.013802
  [276] +0.007940  -0.016078  -0.039440  -0.006713  -0.013199  +0.004154
  [282] -0.005343  +0.009810  +0.060526  +0.072444  +0.021726  +0.056520
  [288] -0.011919  -0.022075  +0.010436  -0.069480  +0.026237  +0.019247
  [294] -0.003912  +0.067469  -0.002977  +0.088863  +0.007433  +0.046468
  [300] +0.026683  +0.039169  +0.047218  +0.013350  +0.065471  +0.001973
  [306] -0.072516  +0.006131  -0.057545  -0.029093  +0.038683  +0.038190
  [312] -0.002888  +0.048323  -0.063056  -0.066141  +0.109078  +0.151498
  [318] -0.008043  -0.000000  -0.059078  -0.029782  -0.004090  -0.022969
  [324] -0.038998  -0.067090  +0.037222  -0.008239  -0.000466  +0.053048
  [330] +0.043760  +0.004586  -0.017662  +0.058353  -0.071005  -0.030301
  [336] -0.039175  -0.000323  -0.006587  +0.011296  +0.001064  +0.025363
  [342] -0.077662  -0.019834  +0.046076  +0.046557  -0.016539  +0.044526
  [348] -0.006438  +0.005433  +0.043702  +0.008189  -0.031445  -0.031737
  [354] -0.085395  +0.087499  +0.011149  +0.069712  +0.040573  +0.118122
  [360] +0.009041  -0.076920  +0.042040  -0.017049  +0.008023  +0.012961
  [366] -0.054077  -0.073479  +0.025062  -0.069844  +0.017136  +0.010644
  [372] -0.051479  -0.028305  +0.016124  -0.026867  -0.010289  -0.020499
  [378] -0.050010  -0.041128  +0.102038  -0.078472  -0.006119  +0.072918

------------------------------------------------------------------------------
[C05]  PPLF - expense_ratio - S07
------------------------------------------------------------------------------
  | Scheme: Parag Parikh Liquid Fund (PPFAS Mutual Fund)
  | Topic: Expense ratio
  | Keywords: expense ratio ter total expense ratio cost charges fees regular direct plan
  | Fact: Parag Parikh Liquid Fund's base expense ratio is 0.17% for the Regular Plan and 0.09% for the Direct Plan, as on the last business day of August 2026. Base expense ratio is exclusive of GST on management fees and of other permitted add-ons; the AMC publishes the current applicable TER separately.

  vector (384 dims, L2 norm 1.0000):
  [  0] -0.007040  -0.042126  -0.097266  +0.025060  +0.055809  +0.013707
  [  6] +0.053584  +0.103202  -0.016758  -0.025455  -0.004426  -0.038282
  [ 12] -0.055657  +0.048441  +0.003831  -0.050111  -0.030941  -0.028801
  [ 18] +0.063619  +0.023714  +0.007626  -0.026865  -0.036814  +0.002077
  [ 24] +0.040031  -0.005785  +0.101258  +0.031330  +0.013901  -0.001689
  [ 30] -0.026309  +0.052028  -0.027432  -0.045191  +0.029313  +0.029877
  [ 36] -0.085854  -0.004402  +0.003246  +0.039580  +0.044255  +0.090789
  [ 42] -0.045346  -0.036359  +0.043969  +0.007066  -0.036474  +0.070120
  [ 48] -0.073962  +0.098704  +0.038142  -0.001910  -0.026689  +0.002893
  [ 54] -0.032586  -0.049254  -0.046159  -0.004282  -0.029505  -0.042295
  [ 60] -0.095313  +0.003715  -0.033184  -0.044656  +0.010320  +0.039715
  [ 66] -0.000389  +0.044781  -0.019192  -0.024118  -0.081697  +0.005200
  [ 72] -0.025035  -0.040543  -0.082509  +0.020435  +0.023205  +0.012269
  [ 78] -0.055438  -0.010086  +0.052900  -0.011719  +0.080034  +0.056493
  [ 84] +0.037979  -0.040560  +0.071429  -0.024572  -0.007763  -0.040848
  [ 90] +0.104902  +0.004276  -0.025071  -0.022437  -0.019290  +0.050651
  [ 96] -0.136975  -0.087971  -0.012249  -0.045529  +0.038963  -0.004714
  [102] +0.038653  -0.012924  -0.050562  +0.024672  +0.060742  +0.031916
  [108] +0.095208  +0.043460  -0.052220  +0.083954  +0.013843  -0.025899
  [114] -0.030601  +0.051326  -0.054952  -0.063180  +0.113939  -0.033506
  [120] +0.024437  +0.014075  -0.024169  +0.034456  -0.015633  -0.072805
  [126] -0.077578  +0.000000  -0.061691  +0.013803  +0.105519  -0.098631
  [132] -0.110401  +0.015320  -0.005249  -0.042328  -0.010975  -0.007192
  [138] -0.026537  +0.057584  -0.065721  -0.028189  -0.029044  -0.135494
  [144] +0.024333  +0.154947  +0.074660  -0.031842  -0.026268  +0.112548
  [150] -0.019422  -0.076437  +0.086068  +0.050614  +0.039343  -0.011325
  [156] +0.003164  +0.003509  -0.032400  +0.015574  -0.027577  +0.008290
  [162] -0.053934  +0.010059  +0.003368  -0.026375  -0.023967  -0.034644
  [168] -0.006617  +0.012769  +0.051578  -0.069150  -0.093039  -0.057701
  [174] +0.080673  +0.006004  +0.042419  -0.021038  -0.082415  -0.063587
  [180] -0.037646  +0.021501  +0.036892  -0.062755  -0.057619  -0.001385
  [186] +0.025848  +0.061945  +0.063002  -0.053189  -0.136120  -0.045997
  [192] -0.065027  +0.002589  -0.049129  -0.019525  +0.054538  +0.045824
  [198] -0.077888  +0.054390  +0.044515  +0.032203  +0.011878  -0.016384
  [204] +0.071988  +0.132262  +0.045820  +0.083275  -0.105486  -0.040130
  [210] +0.058083  -0.019125  -0.054347  -0.015699  +0.087810  +0.052208
  [216] -0.062520  -0.008094  +0.092331  +0.016547  -0.019562  +0.061061
  [222] +0.056318  -0.000000  -0.022276  +0.013882  -0.002629  +0.017333
  [228] +0.036469  +0.004078  +0.079323  +0.016180  +0.084747  +0.037622
  [234] -0.055081  +0.050298  -0.023074  -0.052207  +0.026123  -0.053809
  [240] -0.025552  +0.021973  -0.018603  -0.090622  -0.009474  +0.064312
  [246] +0.057773  -0.040138  -0.029846  +0.021404  +0.003907  +0.034992
  [252] -0.040777  +0.099989  -0.021770  -0.056060  -0.025124  +0.058609
  [258] -0.032843  -0.094663  -0.030324  +0.098250  -0.025152  +0.041183
  [264] -0.001129  -0.015098  +0.051452  +0.004457  +0.061574  -0.018193
  [270] +0.024262  -0.101726  +0.068023  -0.060468  -0.008289  +0.007332
  [276] +0.022167  -0.018028  -0.038692  -0.018263  -0.013410  +0.000988
  [282] -0.022533  +0.004097  +0.064064  +0.098204  +0.004461  +0.029604
  [288] -0.000375  -0.012195  +0.027237  -0.042846  +0.027381  -0.001884
  [294] +0.008613  +0.064743  +0.021983  +0.082227  +0.021717  +0.025499
  [300] +0.018767  +0.037561  +0.026153  +0.015802  +0.109409  +0.027737
  [306] -0.093574  +0.002060  -0.049515  -0.033735  +0.053132  +0.029156
  [312] -0.015823  +0.039017  -0.073574  -0.074910  +0.095423  +0.140153
  [318] +0.002330  -0.000000  -0.069240  -0.027397  -0.008730  -0.016116
  [324] -0.053885  -0.061923  +0.022859  +0.004297  +0.002686  +0.056818
  [330] +0.030009  +0.022646  -0.015100  +0.044620  -0.056849  -0.027942
  [336] -0.031832  -0.026928  +0.009872  +0.020191  +0.005518  +0.036601
  [342] -0.084123  -0.031473  +0.025330  +0.054519  -0.011876  +0.068685
  [348] +0.009908  -0.019748  +0.042610  +0.008728  -0.036216  -0.002458
  [354] -0.083427  +0.078585  +0.013532  +0.060408  +0.050742  +0.118179
  [360] +0.004427  -0.088039  +0.016578  -0.025422  +0.019297  +0.011729
  [366] -0.068951  -0.068039  +0.022631  -0.077344  +0.015716  +0.022563
  [372] -0.040919  -0.015483  +0.020064  -0.038146  -0.046223  +0.001537
  [378] -0.060131  -0.059328  +0.119247  -0.082315  +0.028086  +0.068094

------------------------------------------------------------------------------
[C06]  ALL - ter_where - S09
------------------------------------------------------------------------------
  | Scheme: All PPFAS schemes
  | Topic: Ter where
  | Keywords: latest current ter expense ratio updated where find disclosure monthly change
  | Fact: PPFAS publishes the applicable Total Expense Ratio of every scheme on its statutory disclosures page, updated through the month and archived by date. Use that page when you need the TER effective today rather than the month-end figure printed in a factsheet.

  vector (384 dims, L2 norm 1.0000):
  [  0] +0.010660  -0.020014  -0.085272  +0.021549  +0.072451  +0.041008
  [  6] -0.003136  +0.015624  -0.036244  +0.081383  +0.048609  +0.044087
  [ 12] -0.030619  +0.018073  +0.011184  -0.014052  +0.029123  +0.026217
  [ 18] +0.076229  +0.003746  +0.015591  +0.018866  +0.056112  +0.020937
  [ 24] +0.026085  +0.016530  +0.022361  +0.010478  +0.018669  +0.012318
  [ 30] -0.111272  +0.104605  -0.020859  -0.053672  +0.038833  -0.078083
  [ 36] -0.100139  +0.022735  +0.065493  +0.020575  -0.020469  -0.050744
  [ 42] -0.074174  -0.033669  +0.002161  +0.016770  -0.084909  +0.071995
  [ 48] -0.085151  +0.050406  +0.038304  -0.023466  +0.013334  +0.027404
  [ 54] +0.042033  -0.094643  -0.014655  -0.013502  -0.073934  -0.081937
  [ 60] -0.028241  +0.017914  -0.074699  +0.016234  +0.034626  +0.102595
  [ 66] +0.052898  +0.128192  -0.011237  -0.078885  -0.131142  +0.020909
  [ 72] +0.002976  -0.072195  -0.027481  +0.005079  +0.061093  +0.033068
  [ 78] +0.025636  -0.062226  +0.003711  +0.052294  +0.042101  -0.011657
  [ 84] +0.059260  -0.051813  +0.035999  -0.080247  -0.026435  -0.040475
  [ 90] +0.072664  +0.009638  +0.024273  -0.025683  +0.006751  -0.000888
  [ 96] -0.143950  -0.025232  +0.097793  -0.046425  +0.018479  +0.027907
  [102] -0.001422  -0.038158  -0.077115  +0.056574  +0.036531  +0.107447
  [108] +0.068162  +0.059312  -0.039299  +0.042603  -0.024159  -0.082559
  [114] -0.005591  -0.046275  -0.034579  +0.037563  +0.030370  -0.030884
  [120] +0.006024  +0.020542  -0.000225  +0.022822  -0.065422  -0.024448
  [126] -0.079157  +0.000000  -0.000186  +0.048528  +0.044837  -0.037665
  [132] -0.023428  +0.001673  +0.005222  -0.004681  +0.083340  +0.020505
  [138] -0.001951  +0.101111  -0.081112  +0.002892  -0.012078  -0.102027
  [144] -0.003770  +0.141639  +0.079313  +0.000124  +0.055417  +0.050306
  [150] +0.078527  -0.063251  +0.113125  +0.063199  +0.039322  +0.062945
  [156] -0.072628  +0.008989  +0.044904  -0.017366  +0.013725  -0.062092
  [162] +0.001982  -0.023915  -0.012860  +0.012055  +0.025756  -0.026268
  [168] -0.015981  -0.030934  +0.046906  -0.060431  +0.012452  -0.042470
  [174] -0.002083  +0.024534  +0.053011  +0.001425  -0.051784  -0.041555
  [180] -0.134951  -0.022284  +0.029448  -0.036569  -0.062208  -0.059833
  [186] +0.031187  -0.003113  +0.060464  -0.058499  -0.070373  -0.151573
  [192] -0.129461  +0.022908  -0.044728  +0.016559  -0.029089  +0.070602
  [198] -0.070700  +0.078495  -0.008011  +0.081340  +0.007766  -0.011431
  [204] +0.000115  +0.091370  -0.002212  -0.012700  -0.050946  +0.024284
  [210] +0.032551  +0.064920  -0.018798  +0.011845  +0.064556  +0.062972
  [216] -0.004751  -0.014031  +0.072128  -0.059575  -0.003526  +0.032974
  [222] +0.091259  -0.000000  +0.031938  +0.068137  +0.005560  -0.006727
  [228] -0.013600  -0.046322  -0.004306  -0.001608  +0.112891  +0.021591
  [234] -0.040185  +0.081945  -0.087622  -0.046545  +0.015095  -0.042194
  [240] -0.038477  -0.036341  -0.068358  +0.017415  -0.015055  -0.011332
  [246] -0.007753  -0.063363  +0.003444  -0.000390  +0.056771  +0.018166
  [252] +0.034064  +0.010295  -0.063230  -0.090570  -0.077779  +0.042781
  [258] -0.028835  -0.099214  +0.004207  -0.027189  +0.002042  +0.077761
  [264] +0.099689  -0.038382  -0.038081  -0.011980  +0.006130  -0.036246
  [270] -0.052246  -0.041051  +0.075135  -0.080638  +0.100126  -0.021165
  [276] +0.040163  -0.001822  -0.004587  +0.003996  +0.005969  +0.002418
  [282] -0.030716  -0.032911  -0.006309  +0.103565  +0.013675  +0.056490
  [288] -0.030882  -0.055461  +0.001343  -0.066424  -0.014076  +0.026899
  [294] +0.002973  +0.018848  -0.099946  -0.035982  -0.015189  +0.007046
  [300] -0.043070  -0.025087  +0.018765  +0.051243  +0.069791  +0.015405
  [306] -0.040909  -0.002375  -0.049744  +0.013580  +0.044791  +0.037334
  [312] -0.008219  +0.014150  -0.146132  -0.126257  -0.016913  +0.105333
  [318] +0.007136  -0.000000  -0.048190  +0.038075  +0.046313  -0.004411
  [324] +0.009125  -0.002376  +0.006868  +0.015626  -0.026829  +0.012775
  [330] +0.049992  +0.044736  +0.005614  -0.028158  -0.013590  -0.023697
  [336] -0.057248  -0.062646  -0.004966  -0.106786  -0.036297  +0.075614
  [342] -0.023888  -0.009487  +0.040388  +0.002101  +0.002421  +0.055704
  [348] -0.003776  -0.019736  +0.063397  -0.026072  -0.001181  -0.073670
  [354] +0.017914  +0.067091  +0.017505  +0.032759  +0.063184  +0.087348
  [360] -0.011723  -0.046236  +0.008695  +0.032523  +0.033105  +0.013701
  [366] -0.019761  -0.040934  -0.102359  -0.013422  -0.029442  +0.014895
  [372] -0.026013  +0.024844  -0.067380  +0.005525  -0.021773  -0.031098
  [378] -0.001467  -0.037736  +0.098973  -0.056296  +0.028844  +0.056891

------------------------------------------------------------------------------
[C10]  PPFCF - exit_load - S07
------------------------------------------------------------------------------
  | Scheme: Parag Parikh Flexi Cap Fund (PPFAS Mutual Fund)
  | Topic: Exit load
  | Keywords: exit load redemption charge switch out penalty redeem sell
  | Fact: For each purchase or switch-in into Parag Parikh Flexi Cap Fund, 10% of the units may be redeemed without any exit load from the date of allotment. Redemption or switch-out above that limit carries 2.00% if made on or before 365 days, 1.00% if made after 365 days but on or before 730 days, and nil after 730 days from allotment.

  vector (384 dims, L2 norm 1.0000):
  [  0] -0.019912  -0.029215  -0.122506  +0.026232  +0.052684  +0.015457
  [  6] +0.078981  +0.086519  -0.024695  +0.024988  +0.086998  -0.003715
  [ 12] -0.059594  -0.005217  +0.012557  +0.053284  -0.064815  -0.041236
  [ 18] +0.007314  -0.006131  +0.026482  -0.075987  -0.088871  -0.019288
  [ 24] -0.014298  +0.029270  -0.008615  +0.030634  +0.035014  -0.049732
  [ 30] -0.042096  +0.040577  -0.021257  -0.094517  +0.059771  +0.076616
  [ 36] -0.097445  -0.055057  +0.010209  +0.008429  +0.047111  +0.013726
  [ 42] -0.015550  -0.010730  +0.064962  +0.027483  -0.043701  +0.083013
  [ 48] -0.020309  +0.098927  +0.100175  +0.051470  +0.009361  +0.037225
  [ 54] -0.032916  +0.000504  +0.034793  -0.013878  -0.008059  -0.023053
  [ 60] -0.006183  -0.019529  -0.031992  -0.029542  -0.004560  +0.064183
  [ 66] -0.023457  -0.028977  +0.015864  -0.007802  -0.044691  -0.059412
  [ 72] -0.057742  -0.060966  -0.050766  +0.026859  +0.022906  +0.003286
  [ 78] -0.051450  -0.030143  +0.032406  -0.051363  +0.130897  -0.027783
  [ 84] +0.044640  +0.004022  +0.004468  -0.009907  +0.059053  -0.028786
  [ 90] +0.029073  +0.117629  +0.029092  +0.035794  -0.062226  +0.012964
  [ 96] -0.142478  -0.081381  -0.036620  +0.046573  +0.022674  -0.031001
  [102] -0.003194  -0.048691  -0.017858  -0.073016  -0.018654  +0.004905
  [108] +0.012379  +0.046699  +0.018650  +0.109868  +0.085854  -0.007668
  [114] -0.002660  +0.100759  -0.107782  +0.032622  +0.100133  -0.058561
  [120] +0.009872  +0.053161  -0.036344  -0.040563  -0.062207  -0.002665
  [126] -0.004730  +0.000000  -0.059796  -0.043922  +0.032004  -0.085853
  [132] -0.098009  -0.022028  +0.043688  -0.019160  -0.057080  -0.021256
  [138] +0.022165  +0.013630  -0.010260  -0.020090  +0.030617  -0.096315
  [144] +0.080767  +0.075118  +0.123754  -0.037626  +0.038367  -0.005047
  [150] -0.003639  -0.027912  +0.077498  +0.087143  +0.029549  -0.027152
  [156] -0.000525  +0.023949  +0.036407  +0.036715  -0.028511  -0.046095
  [162] +0.015373  -0.001748  +0.032262  -0.081118  -0.049820  -0.046005
  [168] -0.038056  +0.051014  +0.036827  -0.043634  -0.108469  -0.098836
  [174] +0.100667  -0.018373  +0.005955  +0.049811  -0.108904  -0.044546
  [180] -0.064382  +0.023043  -0.029692  -0.075130  -0.106824  -0.002070
  [186] +0.056969  +0.007269  +0.060734  -0.103358  -0.072636  -0.046506
  [192] -0.060059  +0.091259  -0.053063  -0.067444  -0.027247  +0.079864
  [198] -0.044049  +0.000365  +0.014568  -0.068562  +0.029587  -0.045951
  [204] +0.067383  +0.137489  +0.081794  +0.010349  -0.016052  -0.002171
  [210] -0.003203  +0.017268  +0.001780  +0.007129  +0.068497  -0.031224
  [216] -0.061081  -0.045082  +0.066697  -0.017991  -0.013718  +0.006316
  [222] +0.031169  -0.000000  -0.012788  -0.014743  -0.063365  +0.042136
  [228] +0.060252  +0.036213  +0.024010  +0.065867  +0.029918  +0.062698
  [234] +0.024207  +0.018257  -0.043620  +0.021586  -0.015309  -0.044554
  [240] +0.024767  +0.004155  +0.003577  -0.033951  +0.073548  -0.018691
  [246] +0.034445  -0.010567  -0.028490  +0.012197  -0.028602  -0.026991
  [252] -0.084576  +0.023537  -0.028678  -0.047055  -0.108826  +0.104418
  [258] -0.050746  -0.053740  -0.026576  +0.094438  +0.000586  +0.077217
  [264] -0.001264  -0.015299  +0.049587  +0.011728  -0.002516  -0.052345
  [270] +0.009667  -0.040556  +0.018632  -0.027977  -0.008145  -0.005036
  [276] +0.073725  +0.002789  -0.060859  -0.028427  +0.092865  -0.029225
  [282] -0.090092  +0.002491  +0.075690  -0.002561  +0.011262  +0.075551
  [288] +0.070482  -0.063556  +0.009889  -0.043142  +0.015417  -0.002229
  [294] +0.077003  +0.028159  +0.066752  +0.027937  -0.045041  +0.041167
  [300] -0.000073  -0.032965  +0.024900  -0.003762  +0.001156  -0.027226
  [306] -0.027407  +0.082129  -0.028699  -0.055281  +0.041224  +0.020988
  [312] +0.048569  +0.040642  -0.044450  -0.006666  +0.086932  +0.084716
  [318] +0.004842  -0.000000  -0.082741  +0.009737  +0.043240  +0.018107
  [324] +0.019823  +0.024811  +0.082344  -0.032731  -0.055874  -0.011258
  [330] +0.112106  +0.056418  -0.024697  -0.018746  -0.097605  +0.020293
  [336] +0.004832  +0.043657  +0.025958  +0.025217  -0.025722  +0.015595
  [342] -0.045143  -0.050809  -0.026027  +0.056010  +0.077439  +0.088633
  [348] +0.040614  -0.033655  +0.007208  -0.031177  +0.024837  -0.029357
  [354] -0.102136  +0.126194  -0.008767  +0.030200  +0.002175  +0.099991
  [360] +0.004895  -0.033154  +0.040793  -0.009632  -0.041171  +0.052225
  [366] -0.062533  -0.027161  +0.036848  -0.028870  -0.015723  -0.052863
  [372] -0.081318  +0.023445  -0.005242  -0.012981  -0.021313  -0.009665
  [378] -0.068672  -0.009386  +0.058623  -0.098843  -0.030735  +0.030825

------------------------------------------------------------------------------
[C11]  PPTSF - exit_load - S10
------------------------------------------------------------------------------
  | Scheme: Parag Parikh ELSS Tax Saver Fund (PPFAS Mutual Fund)
  | Topic: Exit load
  | Keywords: exit load entry load redemption charge switch out penalty redeem sell
  | Fact: Parag Parikh ELSS Tax Saver Fund charges no entry load and no exit load - both are Nil per the scheme's Key Information Memorandum. Units are instead subject to the statutory ELSS lock-in of three years from the date of allotment.

  vector (384 dims, L2 norm 1.0000):
  [  0] -0.042703  -0.012998  -0.086539  -0.005315  +0.054641  +0.048458
  [  6] +0.069888  -0.010962  -0.010299  +0.038215  +0.064487  -0.016684
  [ 12] +0.002275  -0.078932  +0.010015  +0.050093  -0.054724  -0.070480
  [ 18] +0.019806  -0.004321  +0.089440  -0.059029  -0.110012  +0.005861
  [ 24] -0.008100  -0.001990  +0.009897  +0.031900  +0.027821  -0.066989
  [ 30] -0.003383  +0.004950  -0.041194  -0.052771  +0.044404  +0.097916
  [ 36] -0.057616  -0.024511  -0.025582  +0.014309  +0.049415  -0.035878
  [ 42] -0.046997  -0.054713  +0.048548  +0.012187  -0.042887  +0.028313
  [ 48] -0.074146  +0.093074  +0.075557  +0.022728  -0.012946  +0.057508
  [ 54] -0.022442  -0.076134  +0.024924  +0.014297  -0.039386  -0.029033
  [ 60] -0.018993  -0.004885  -0.048529  -0.039411  -0.009683  +0.052392
  [ 66] -0.011001  -0.038141  -0.008753  -0.019601  -0.056758  -0.097146
  [ 72] -0.049248  -0.040562  -0.072031  +0.012076  +0.059592  -0.010314
  [ 78] -0.078879  -0.111017  +0.043206  +0.013403  +0.059789  +0.009148
  [ 84] +0.017890  +0.006425  +0.023316  -0.058218  +0.052276  -0.046846
  [ 90] +0.046496  +0.042328  +0.037878  +0.062537  +0.008648  +0.002901
  [ 96] -0.113408  -0.083049  -0.038829  +0.030683  +0.072043  -0.000094
  [102] +0.021640  -0.030751  -0.073359  -0.013102  +0.019089  +0.045054
  [108] +0.009423  +0.025451  +0.032505  +0.105686  +0.056565  -0.035844
  [114] -0.003220  +0.082031  -0.126949  +0.019114  +0.124482  -0.073543
  [120] +0.044672  +0.035003  -0.049396  -0.038582  -0.044011  -0.038515
  [126] +0.013925  +0.000000  -0.081684  -0.016042  +0.034490  -0.072439
  [132] -0.113656  +0.010858  +0.035726  +0.004560  -0.051529  -0.002223
  [138] +0.020034  -0.007860  +0.026503  -0.013349  +0.043929  -0.065155
  [144] +0.058767  +0.047508  +0.093834  -0.012831  +0.077877  -0.000310
  [150] -0.016735  -0.048549  +0.083446  +0.067991  +0.056056  -0.060250
  [156] -0.048674  +0.048031  +0.034155  +0.037087  +0.010432  -0.003036
  [162] -0.009851  -0.000201  +0.074078  -0.058381  -0.016940  -0.135757
  [168] -0.053093  +0.035907  +0.052814  +0.002190  -0.104083  -0.098189
  [174] +0.070769  +0.028014  +0.049242  +0.028533  -0.036023  -0.081489
  [180] -0.039343  -0.024839  -0.000816  -0.056680  -0.105097  +0.000572
  [186] +0.040424  -0.017157  +0.084958  -0.067837  -0.085366  -0.034240
  [192] -0.020226  +0.031442  -0.052505  -0.106617  +0.025383  +0.027792
  [198] -0.121489  +0.026585  +0.030091  -0.028366  +0.040358  -0.060061
  [204] -0.002433  +0.111911  +0.078422  +0.072325  -0.037565  -0.017485
  [210] -0.041862  -0.031994  +0.016069  -0.008970  +0.083688  -0.005343
  [216] -0.031780  -0.042068  +0.074736  +0.024273  -0.002464  +0.045794
  [222] +0.015635  -0.000000  -0.009713  -0.004761  -0.051383  +0.076720
  [228] +0.081291  +0.036015  +0.062620  +0.021400  +0.048284  +0.106157
  [234] +0.039115  +0.013379  -0.015802  +0.004292  +0.067697  -0.064452
  [240] -0.005927  -0.020271  -0.024401  -0.018382  +0.061842  +0.014950
  [246] -0.008787  -0.020319  -0.035665  +0.022243  -0.034814  -0.010485
  [252] -0.119020  +0.034391  -0.030022  -0.045993  -0.097829  +0.109256
  [258] -0.063626  -0.073741  +0.001152  +0.041117  -0.080609  +0.046698
  [264] -0.006178  +0.031534  +0.056406  +0.030158  +0.002628  -0.068013
  [270] -0.013294  +0.023616  +0.012589  -0.007283  +0.008590  +0.004433
  [276] +0.015392  -0.009054  -0.029502  -0.006669  +0.016014  +0.018935
  [282] -0.077876  +0.001965  +0.074195  +0.031577  +0.059148  +0.076984
  [288] +0.068441  -0.091895  +0.005737  -0.014809  +0.028966  -0.014338
  [294] +0.013043  +0.034461  +0.008153  -0.011109  +0.001577  +0.022217
  [300] -0.013311  -0.062528  -0.021273  -0.024004  +0.084344  -0.017931
  [306] -0.013576  +0.072981  +0.007475  +0.011506  +0.018988  +0.004557
  [312] +0.068206  +0.000463  -0.041257  -0.042258  +0.075964  +0.071233
  [318] +0.018680  -0.000000  -0.082294  +0.061847  +0.003914  +0.008495
  [324] -0.004063  -0.035769  +0.056937  -0.013159  -0.026594  +0.038695
  [330] +0.129385  +0.061192  -0.019879  -0.000962  -0.072963  -0.019516
  [336] +0.028972  +0.053342  +0.008379  +0.015286  +0.028655  +0.016850
  [342] -0.080712  -0.011993  +0.013541  +0.032796  +0.052666  +0.026114
  [348] +0.051272  -0.000655  +0.020431  -0.010133  +0.009363  -0.041026
  [354] -0.109556  +0.149139  -0.016816  +0.082542  +0.091122  +0.075770
  [360] -0.000251  -0.035719  +0.012981  -0.006956  -0.048178  +0.074548
  [366] -0.068533  -0.059606  -0.027423  -0.034971  -0.038528  -0.094010
  [372] -0.025653  +0.012275  +0.032795  -0.043870  -0.061534  -0.014161
  [378] +0.004072  -0.039150  +0.125158  -0.064080  -0.009771  +0.067065

------------------------------------------------------------------------------
[C12]  PPCHF - exit_load - S07
------------------------------------------------------------------------------
  | Scheme: Parag Parikh Conservative Hybrid Fund (PPFAS Mutual Fund)
  | Topic: Exit load
  | Keywords: exit load redemption charge switch out penalty redeem sell
  | Fact: For each purchase or switch-in into Parag Parikh Conservative Hybrid Fund, 10% of the units may be redeemed without any exit load from the date of allotment. Redemption or switch-out above that limit carries 1.00% if made within 1 year from allotment, and nil thereafter.

  vector (384 dims, L2 norm 1.0000):
  [  0] -0.010279  -0.035160  -0.133589  +0.012019  +0.016393  +0.019265
  [  6] +0.070894  +0.051878  -0.023033  +0.015907  +0.072798  +0.017425
  [ 12] -0.033130  -0.024992  +0.017512  +0.058616  -0.017921  -0.040883
  [ 18] +0.021052  -0.004103  -0.015260  -0.063501  -0.092594  -0.009450
  [ 24] +0.011485  +0.022002  +0.000915  +0.019348  +0.028807  -0.046878
  [ 30] -0.016942  +0.013630  -0.055777  -0.055290  +0.056005  +0.067842
  [ 36] -0.118526  -0.032577  -0.002876  +0.023289  +0.063723  +0.004261
  [ 42] -0.040811  -0.020636  +0.067235  +0.056882  -0.044946  +0.076265
  [ 48] -0.027177  +0.069303  +0.084545  +0.037104  -0.007701  +0.041766
  [ 54] -0.003716  -0.054288  +0.053826  +0.010958  -0.037750  -0.038002
  [ 60] -0.025573  -0.001641  -0.061455  -0.039227  -0.006958  +0.039953
  [ 66] -0.011101  -0.019733  +0.044261  -0.024096  -0.045916  -0.054053
  [ 72] -0.034890  -0.059009  -0.052105  +0.013242  +0.043187  +0.004850
  [ 78] -0.047924  -0.110433  +0.049696  -0.008192  +0.123842  -0.040215
  [ 84] +0.038747  +0.001558  +0.014080  -0.004200  +0.036043  -0.055089
  [ 90] +0.035381  +0.105532  +0.044780  +0.034894  -0.045965  -0.002772
  [ 96] -0.123455  -0.129687  -0.037809  +0.038977  +0.049965  -0.029544
  [102] +0.037686  -0.026810  -0.050564  -0.056894  -0.011422  +0.023379
  [108] +0.024128  +0.045092  -0.016370  +0.122327  +0.093102  -0.002983
  [114] -0.023204  +0.077164  -0.111671  +0.008968  +0.091329  -0.044422
  [120] +0.001802  +0.021660  -0.050084  -0.021309  -0.061922  -0.000691
  [126] +0.019900  +0.000000  -0.058144  -0.055108  +0.042611  -0.084945
  [132] -0.118775  -0.008663  +0.041116  -0.038214  -0.039984  -0.028624
  [138] +0.021620  +0.001274  -0.035251  +0.003820  +0.018145  -0.115114
  [144] +0.038759  +0.070322  +0.140561  -0.029570  +0.042174  +0.042933
  [150] -0.031884  -0.048519  +0.079596  +0.064838  +0.055181  -0.017742
  [156] -0.039331  +0.027021  +0.026210  +0.003082  -0.040776  -0.035965
  [162] +0.008466  +0.004528  +0.053004  -0.072516  -0.042879  -0.061039
  [168] -0.029559  +0.040681  +0.061237  -0.022584  -0.094490  -0.087013
  [174] +0.091049  -0.003952  -0.028501  +0.065280  -0.085877  -0.048415
  [180] -0.034096  +0.021363  -0.033757  -0.080669  -0.099956  -0.011941
  [186] +0.051816  -0.024360  +0.069159  -0.074151  -0.116953  -0.037781
  [192] -0.070316  +0.057323  -0.075471  -0.068820  -0.012011  +0.090449
  [198] -0.063418  +0.012563  +0.018351  -0.077739  +0.050617  -0.048923
  [204] +0.042522  +0.143607  +0.107452  +0.024338  -0.016528  -0.011315
  [210] -0.017297  -0.000368  -0.005909  +0.015095  +0.092621  -0.056219
  [216] -0.084697  -0.065052  +0.083249  -0.000637  +0.015934  +0.043981
  [222] +0.075227  -0.000000  -0.027386  +0.007477  -0.018509  +0.071419
  [228] +0.056940  +0.036000  +0.031422  +0.045059  +0.025983  +0.095465
  [234] +0.035166  +0.003290  +0.014545  +0.000187  -0.001791  -0.080180
  [240] +0.016161  +0.023034  +0.011213  -0.011822  +0.053624  +0.010364
  [246] -0.014088  -0.012497  -0.027861  +0.008254  -0.001201  -0.012105
  [252] -0.071251  +0.005248  +0.011679  -0.048248  -0.107227  +0.115619
  [258] -0.053370  -0.059972  +0.001309  +0.109971  -0.055009  +0.072287
  [264] +0.002571  -0.008925  +0.051371  +0.013100  -0.003166  -0.033039
  [270] -0.032783  +0.005930  +0.029706  -0.022884  +0.006930  +0.011754
  [276] +0.078225  +0.008472  -0.052053  -0.039041  +0.098712  +0.024125
  [282] -0.066488  +0.004146  +0.040199  +0.003485  +0.033309  +0.068970
  [288] +0.051831  -0.063370  +0.005522  -0.006449  +0.041040  +0.001749
  [294] +0.015943  +0.057934  +0.064236  -0.006589  -0.011423  +0.028397
  [300] +0.020478  -0.047175  +0.035967  +0.006297  +0.057685  -0.046426
  [306] -0.001470  +0.064599  -0.018565  -0.024666  +0.020858  -0.006251
  [312] +0.039173  +0.008666  -0.035619  -0.029903  +0.086911  +0.070194
  [318] +0.008531  -0.000000  -0.072091  +0.011472  +0.045436  +0.013835
  [324] +0.006956  -0.014533  +0.071221  -0.047313  -0.030025  +0.009896
  [330] +0.108017  +0.036591  -0.029235  -0.017201  -0.091080  +0.005013
  [336] +0.021312  +0.013847  +0.028285  +0.024570  -0.036730  +0.003588
  [342] -0.070966  -0.030531  +0.007472  +0.052051  +0.090433  +0.038289
  [348] +0.040993  -0.019376  +0.022904  -0.016720  -0.018911  -0.009952
  [354] -0.117938  +0.142654  +0.004335  +0.068207  +0.033843  +0.080371
  [360] +0.018020  -0.045649  +0.026456  -0.014995  -0.061703  +0.062672
  [366] -0.046884  -0.045472  +0.003014  -0.038836  +0.004712  -0.054381
  [372] -0.049607  -0.008437  -0.011033  -0.026126  -0.035625  -0.011593
  [378] -0.056119  -0.016603  +0.087876  -0.088611  -0.014305  +0.066476

------------------------------------------------------------------------------
[C13]  PPDAAF - exit_load - S07
------------------------------------------------------------------------------
  | Scheme: Parag Parikh Dynamic Asset Allocation Fund (PPFAS Mutual Fund)
  | Topic: Exit load
  | Keywords: exit load redemption charge switch out penalty redeem sell
  | Fact: For each purchase or switch-in into Parag Parikh Dynamic Asset Allocation Fund, 10% of the units may be redeemed without any exit load from the date of allotment. Redemption or switch-out above that limit carries 1.00% if made within 1 year from allotment, and nil thereafter.

  vector (384 dims, L2 norm 1.0000):
  [  0] -0.031583  -0.027400  -0.120332  +0.030905  +0.010254  +0.016556
  [  6] +0.112262  +0.055546  -0.009140  +0.020551  +0.059875  +0.027721
  [ 12] -0.021654  -0.009672  +0.010441  +0.068569  -0.015307  -0.032184
  [ 18] +0.036182  -0.005365  +0.027803  -0.049739  -0.095526  -0.020420
  [ 24] -0.004056  +0.019709  +0.012326  +0.002366  +0.027730  -0.030871
  [ 30] -0.014324  +0.024485  -0.032703  -0.059178  +0.053410  +0.081190
  [ 36] -0.120788  -0.037936  -0.041153  +0.017113  +0.075091  +0.013747
  [ 42] -0.040534  -0.033492  +0.071898  +0.046090  -0.022992  +0.088095
  [ 48] -0.042326  +0.076427  +0.065327  +0.037388  -0.011596  +0.046960
  [ 54] -0.019781  -0.034283  +0.039749  +0.021320  -0.021205  -0.035064
  [ 60] -0.015744  -0.009410  -0.034579  -0.033798  +0.016593  +0.061600
  [ 66] +0.010215  -0.003505  +0.019251  -0.019173  -0.033464  -0.052126
  [ 72] -0.041479  -0.069665  -0.054752  +0.029570  +0.025758  -0.035464
  [ 78] -0.049452  -0.081945  +0.052179  -0.018882  +0.127428  -0.035090
  [ 84] +0.028990  +0.013292  +0.013706  -0.026173  +0.051795  -0.053137
  [ 90] +0.024020  +0.070335  +0.049808  +0.053687  -0.017753  -0.002621
  [ 96] -0.124447  -0.124423  -0.040468  +0.033696  +0.026081  -0.017545
  [102] +0.018250  -0.026087  -0.064628  -0.053585  +0.006271  +0.009809
  [108] +0.008684  +0.045181  -0.012001  +0.133418  +0.075622  -0.016929
  [114] -0.003769  +0.099720  -0.107650  +0.015096  +0.066246  -0.059464
  [120] +0.033624  +0.024237  -0.053332  -0.013388  -0.056082  -0.012782
  [126] -0.000864  +0.000000  -0.075596  -0.068040  +0.061851  -0.068661
  [132] -0.143646  -0.023314  +0.050282  -0.027587  -0.039850  -0.029188
  [138] +0.030459  +0.032035  -0.039833  +0.027552  +0.045537  -0.111410
  [144] +0.059390  +0.109069  +0.169717  -0.027423  +0.050764  +0.048557
  [150] -0.020367  -0.071833  +0.084437  +0.095074  +0.045256  -0.023151
  [156] -0.022217  +0.027577  +0.044654  -0.010764  -0.043697  -0.041271
  [162] -0.010033  -0.003860  -0.006317  -0.053856  -0.039458  -0.073004
  [168] -0.015698  +0.023956  +0.036165  -0.022650  -0.115206  -0.097953
  [174] +0.100385  +0.003362  -0.046971  +0.058465  -0.070157  -0.073980
  [180] -0.038826  +0.023464  -0.029515  -0.085359  -0.099395  -0.028581
  [186] +0.039231  -0.014368  +0.067330  -0.092185  -0.109114  -0.055822
  [192] -0.068486  +0.057183  -0.044335  -0.064958  -0.022065  +0.069580
  [198] -0.065674  +0.010414  +0.022474  -0.050565  +0.032446  -0.045199
  [204] +0.038986  +0.156612  +0.049451  +0.028714  -0.025100  -0.020667
  [210] -0.001826  +0.006210  -0.016481  +0.037632  +0.100369  -0.081069
  [216] -0.095598  -0.046424  +0.084772  +0.011821  -0.006992  +0.057150
  [222] +0.059612  -0.000000  -0.020617  -0.002645  -0.049183  +0.067357
  [228] +0.062994  +0.014166  +0.034659  +0.050644  +0.025915  +0.062390
  [234] -0.005455  -0.003877  -0.019179  -0.004096  +0.019251  -0.060785
  [240] +0.010556  +0.010769  +0.013097  -0.040485  +0.047232  +0.020638
  [246] +0.031409  -0.048638  -0.032024  +0.038442  -0.003292  +0.003497
  [252] -0.061754  +0.017602  -0.029340  -0.047149  -0.098688  +0.117121
  [258] -0.055141  -0.044828  -0.002702  +0.079062  -0.037875  +0.077650
  [264] +0.003583  -0.009099  +0.045461  +0.038046  +0.000871  -0.042566
  [270] +0.000457  +0.030909  +0.055462  -0.043025  +0.007249  +0.026665
  [276] +0.050957  +0.003978  -0.048259  -0.003706  +0.080871  +0.017767
  [282] -0.037086  +0.017297  +0.051820  +0.005872  +0.037888  +0.068406
  [288] +0.034509  -0.067330  +0.007380  -0.042932  +0.016546  +0.008493
  [294] +0.040600  +0.041188  +0.043166  -0.002442  -0.021371  +0.045882
  [300] +0.000822  -0.030134  +0.029764  -0.008964  +0.020036  -0.028771
  [306] -0.017757  +0.079897  -0.012925  -0.038376  +0.028885  -0.000974
  [312] +0.034946  +0.031167  -0.055413  -0.035207  +0.104196  +0.084123
  [318] -0.005248  -0.000000  -0.082552  +0.009781  +0.067414  -0.002648
  [324] -0.007538  -0.035045  +0.080083  -0.009035  -0.017487  +0.010286
  [330] +0.118646  +0.020399  -0.026230  +0.000111  -0.103619  +0.003139
  [336] -0.009780  +0.024981  +0.003671  +0.008323  -0.006104  -0.011331
  [342] -0.068084  -0.041629  +0.013408  +0.033051  +0.083519  +0.028678
  [348] +0.028202  -0.006159  +0.012389  -0.010473  +0.029676  -0.017640
  [354] -0.101614  +0.148520  -0.011937  +0.057218  +0.015832  +0.077081
  [360] -0.016668  -0.038746  +0.036645  -0.004480  -0.040834  +0.057895
  [366] -0.038102  -0.036540  +0.016914  -0.048402  -0.007208  -0.058168
  [372] -0.067082  -0.003180  -0.000854  -0.024409  -0.014592  -0.021258
  [378] -0.030164  -0.001835  +0.065844  -0.090200  -0.054067  +0.055352

------------------------------------------------------------------------------
[C14]  PPLF - exit_load - S05
------------------------------------------------------------------------------
  | Scheme: Parag Parikh Liquid Fund (PPFAS Mutual Fund)
  | Topic: Exit load
  | Keywords: exit load redemption charge switch out penalty redeem sell graded seven days
  | Fact: Parag Parikh Liquid Fund has no entry load and a graded exit load within the first 7 calendar days: 0.0070% on Day 1, 0.0065% Day 2, 0.0060% Day 3, 0.0055% Day 4, 0.0050% Day 5, 0.0045% Day 6 and 0.0000% from Day 7 onwards. Any exit load charged, net of GST, is credited back to the Scheme.

  vector (384 dims, L2 norm 1.0000):
  [  0] -0.063036  +0.002050  -0.075975  +0.022812  +0.005750  +0.011408
  [  6] +0.073007  +0.071961  -0.049162  +0.004447  +0.035787  -0.005183
  [ 12] -0.068737  +0.004975  -0.001348  -0.001310  -0.048808  -0.055144
  [ 18] +0.067266  -0.022747  +0.025643  -0.053951  -0.105936  +0.002994
  [ 24] +0.046238  +0.046412  +0.035575  +0.046812  +0.038236  -0.048967
  [ 30] -0.058843  +0.027011  -0.038479  -0.043003  +0.035608  +0.083858
  [ 36] -0.081856  -0.032342  -0.010279  +0.017874  +0.087504  -0.001854
  [ 42] +0.007237  -0.011419  +0.072119  +0.023608  -0.014388  +0.057735
  [ 48] -0.061226  +0.068367  +0.067414  +0.024563  -0.007827  +0.043980
  [ 54] -0.053682  -0.017086  +0.040502  -0.038897  -0.018769  -0.014202
  [ 60] -0.019034  +0.026913  -0.082029  -0.038013  +0.003359  +0.002373
  [ 66] -0.039595  -0.004421  +0.032956  -0.024066  -0.037727  -0.068489
  [ 72] -0.039643  -0.049174  -0.073387  -0.009058  +0.022886  -0.027125
  [ 78] -0.075663  -0.055955  +0.070395  -0.009741  +0.106248  +0.037051
  [ 84] +0.012367  -0.028957  +0.038340  -0.000133  +0.073111  -0.022196
  [ 90] +0.091703  +0.104661  +0.013121  +0.033283  -0.044945  +0.036568
  [ 96] -0.144207  -0.093587  -0.001668  +0.055944  +0.050824  -0.006276
  [102] +0.002392  -0.021821  -0.026762  -0.038242  -0.005515  +0.039591
  [108] +0.035437  -0.025947  -0.016397  +0.106978  +0.097670  -0.036974
  [114] -0.034057  +0.136222  -0.106740  +0.036345  +0.094043  -0.038918
  [120] +0.025279  +0.046728  -0.057649  -0.025698  -0.058979  -0.019316
  [126] +0.007412  +0.000000  -0.054052  -0.081929  +0.105033  -0.088115
  [132] -0.115565  -0.008251  +0.013175  -0.063328  -0.024804  -0.029378
  [138] +0.017961  -0.011146  -0.054133  -0.004246  -0.035922  -0.103273
  [144] +0.053667  +0.075644  +0.092504  -0.009848  +0.064203  +0.014257
  [150] -0.035467  -0.062546  +0.060019  +0.126846  +0.038490  -0.020067
  [156] -0.011550  +0.030761  +0.024253  +0.006750  -0.018902  +0.015861
  [162] -0.025500  +0.013837  +0.041624  -0.082403  -0.019471  -0.078114
  [168] -0.023753  +0.037497  +0.049824  -0.031166  -0.121923  -0.073961
  [174] +0.074779  -0.003282  +0.040431  +0.053999  -0.039471  -0.083055
  [180] -0.027426  +0.018053  -0.033097  -0.031468  -0.081609  +0.005998
  [186] +0.037168  +0.007141  +0.092711  -0.048265  -0.134171  -0.040075
  [192] -0.091870  +0.075282  -0.070462  -0.066047  +0.004544  +0.050386
  [198] -0.097138  +0.017087  +0.047300  -0.081047  +0.049168  -0.046084
  [204] +0.048098  +0.147507  +0.070355  +0.000992  -0.017085  -0.040715
  [210] +0.004898  -0.022838  -0.004538  +0.044344  +0.055701  -0.058160
  [216] -0.045065  -0.031844  +0.003931  +0.012565  -0.006518  +0.086869
  [222] +0.042417  -0.000000  -0.036557  -0.007334  -0.054965  +0.076539
  [228] +0.066260  +0.013611  +0.057416  +0.064224  +0.036060  +0.104516
  [234] +0.025330  +0.021031  -0.032526  +0.000709  +0.031102  -0.050980
  [240] +0.020050  +0.018534  -0.014827  -0.032549  +0.045404  +0.055524
  [246] -0.026607  -0.005637  -0.004792  +0.024971  +0.012390  -0.024124
  [252] -0.064616  +0.070871  +0.007064  -0.057427  -0.063517  +0.110369
  [258] -0.046422  -0.038692  -0.002696  +0.082625  -0.059249  +0.080227
  [264] -0.005755  -0.023009  +0.049697  +0.014035  +0.014234  +0.017694
  [270] +0.015035  -0.013387  +0.049069  -0.045144  -0.017125  +0.010297
  [276] +0.049510  +0.010403  -0.051245  -0.030019  +0.059046  -0.006438
  [282] -0.046536  +0.016771  +0.050812  +0.025805  +0.028831  +0.029147
  [288] +0.053563  -0.058627  +0.007898  -0.015458  +0.027490  -0.045649
  [294] +0.033136  +0.053636  +0.038518  -0.024316  +0.012964  +0.023398
  [300] -0.028712  -0.007754  -0.011132  +0.017697  +0.058386  -0.002039
  [306] -0.028691  +0.078995  +0.012168  -0.062205  +0.041786  +0.024024
  [312] +0.040766  +0.045632  -0.046952  -0.015718  +0.080333  +0.102129
  [318] +0.009379  -0.000000  -0.071309  -0.009985  +0.018776  +0.020137
  [324] -0.014903  -0.044383  +0.063723  +0.003669  -0.011379  -0.001170
  [330] +0.100166  +0.013932  -0.002338  +0.008220  -0.083178  -0.008567
  [336] -0.011699  +0.022316  -0.001565  +0.033917  -0.006705  -0.030406
  [342] -0.061013  -0.048613  -0.031141  +0.043357  +0.076543  +0.082896
  [348] +0.038035  -0.010659  +0.010913  +0.008966  -0.001590  -0.005208
  [354] -0.129097  +0.146316  -0.014341  +0.021405  +0.051870  +0.074191
  [360] -0.039825  -0.054835  +0.010190  -0.000904  -0.004142  +0.034099
  [366] -0.079257  -0.014114  +0.011045  -0.037095  +0.001256  -0.050722
  [372] -0.082453  +0.006595  +0.035972  -0.052602  -0.054059  -0.007300
  [378] -0.075497  -0.049510  +0.086025  -0.113700  +0.006386  +0.056938

------------------------------------------------------------------------------
[C20]  PPTSF - lock_in - S10
------------------------------------------------------------------------------
  | Scheme: Parag Parikh ELSS Tax Saver Fund (PPFAS Mutual Fund)
  | Topic: Lock in
  | Keywords: lock in lockin elss three years 3 years 80c tax saver redeem before maturity
  | Fact: Units of Parag Parikh ELSS Tax Saver Fund cannot be assigned, transferred, pledged, redeemed or switched out until completion of 3 years from the date of allotment of the respective units. The AMC may change the lock-in period prospectively only to the extent permitted under the Equity Linked Saving Scheme, 2005.

  vector (384 dims, L2 norm 1.0000):
  [  0] -0.062553  -0.057799  -0.100456  -0.018361  +0.041399  +0.068300
  [  6] +0.028628  -0.026902  -0.011696  +0.061730  +0.075408  +0.015979
  [ 12] -0.014969  -0.084441  +0.028188  +0.020280  -0.086708  -0.061443
  [ 18] +0.024278  +0.010585  +0.120735  -0.089194  -0.092442  +0.033105
  [ 24] +0.041356  -0.035936  +0.020429  +0.064363  +0.006806  -0.030606
  [ 30] +0.016938  +0.002162  +0.002551  -0.046444  +0.017412  +0.084901
  [ 36] -0.063888  +0.006921  -0.023546  +0.012018  +0.010214  -0.004300
  [ 42] -0.019251  -0.111618  +0.013131  -0.018898  -0.000437  +0.032238
  [ 48] -0.061151  +0.069069  +0.048158  +0.043301  -0.043679  +0.013996
  [ 54] -0.048290  -0.071432  +0.005130  +0.052129  -0.081896  -0.021909
  [ 60] -0.023498  +0.000289  +0.014748  -0.036683  -0.019446  +0.038903
  [ 66] -0.039056  -0.045951  +0.004979  +0.004982  -0.040986  -0.055573
  [ 72] -0.053252  -0.060463  -0.043056  +0.056426  +0.035310  +0.011907
  [ 78] -0.027743  -0.135108  +0.040800  -0.024666  +0.036864  +0.016130
  [ 84] -0.005370  +0.019413  +0.045268  -0.004775  +0.027367  -0.047275
  [ 90] +0.065085  +0.031288  +0.067425  +0.026832  -0.048069  -0.013788
  [ 96] -0.065084  -0.054198  -0.045873  +0.025974  +0.058838  +0.015789
  [102] +0.026016  -0.032459  -0.053392  +0.004167  +0.029620  +0.034466
  [108] -0.007282  +0.015248  +0.015112  +0.145389  +0.073337  +0.027157
  [114] -0.081038  +0.098019  -0.149709  -0.030104  +0.156877  -0.025377
  [120] +0.063708  +0.036491  -0.001571  -0.052277  -0.033837  -0.059150
  [126] +0.004222  +0.000000  -0.102464  +0.002754  +0.006491  -0.075927
  [132] -0.107640  +0.008416  +0.019542  -0.043548  -0.091261  +0.011158
  [138] +0.048887  -0.027458  +0.057243  -0.026935  +0.012751  -0.099158
  [144] +0.035980  +0.073224  +0.085111  -0.021685  +0.085743  +0.007101
  [150] -0.007820  -0.042941  +0.092853  -0.002208  +0.051832  -0.043258
  [156] -0.028998  +0.042256  +0.012777  +0.107887  -0.012727  -0.006928
  [162] -0.006966  -0.009816  +0.065169  -0.069596  -0.028421  -0.105050
  [168] -0.016631  +0.018235  +0.076133  +0.003090  -0.045760  -0.051966
  [174] +0.047436  +0.054292  +0.027151  +0.046404  -0.017452  -0.063901
  [180] -0.060158  -0.057433  +0.002753  -0.066190  -0.092489  -0.028572
  [186] +0.010429  -0.028561  +0.116481  -0.064540  -0.063270  -0.065529
  [192] -0.065165  +0.081404  +0.009945  -0.085186  +0.040261  +0.020499
  [198] -0.101920  +0.002808  -0.024781  -0.030400  +0.004045  -0.064657
  [204] +0.043683  +0.134121  +0.039357  +0.056714  -0.006826  -0.020323
  [210] -0.045186  +0.026535  +0.000745  -0.046096  +0.059188  +0.109931
  [216] -0.013586  -0.039388  +0.096192  +0.006886  +0.048953  +0.036140
  [222] +0.003954  -0.000000  -0.014656  -0.058193  +0.015882  +0.060821
  [228] +0.098582  +0.014476  +0.019847  +0.084512  -0.014673  +0.014391
  [234] +0.055579  +0.017721  +0.007942  -0.012561  +0.046862  -0.060556
  [240] +0.004794  +0.011365  -0.043687  -0.039742  +0.061724  +0.008191
  [246] -0.009410  +0.055760  -0.029804  +0.026305  -0.076827  +0.011486
  [252] -0.071387  +0.045433  -0.083115  -0.058043  -0.123472  +0.071161
  [258] -0.002445  -0.119865  -0.005456  -0.003962  -0.082660  +0.052959
  [264] -0.012876  +0.003592  +0.019231  +0.029010  +0.056671  -0.030046
  [270] +0.027677  -0.010050  +0.026434  +0.024899  -0.028678  -0.036495
  [276] +0.073443  -0.082250  +0.048359  +0.015815  +0.037600  -0.040063
  [282] -0.053102  -0.003736  +0.060994  +0.035465  +0.047937  +0.116687
  [288] +0.060572  -0.035233  +0.012285  -0.048846  -0.000021  +0.010830
  [294] +0.086778  +0.013727  -0.007804  +0.039804  +0.025952  +0.010295
  [300] -0.026085  -0.018997  -0.019971  -0.023875  +0.040135  +0.012629
  [306] -0.038793  +0.030105  +0.025836  +0.010259  +0.015006  -0.043169
  [312] +0.062186  -0.052520  -0.023061  -0.049773  +0.052750  +0.054829
  [318] +0.016874  -0.000000  -0.027731  +0.051942  -0.034119  +0.026747
  [324] -0.002375  -0.027706  +0.037201  -0.050032  +0.003373  +0.029787
  [330] +0.103841  +0.073643  +0.000636  -0.009029  -0.092870  -0.056809
  [336] -0.026588  +0.040874  +0.011622  -0.019803  +0.052922  +0.003260
  [342] -0.037252  -0.009654  +0.000176  +0.004393  +0.054258  +0.045548
  [348] +0.043883  +0.026951  +0.018843  -0.052566  +0.014511  -0.007407
  [354] -0.110644  +0.084203  -0.041764  +0.089338  +0.093667  +0.063856
  [360] +0.046030  -0.041135  +0.013143  -0.015206  -0.034461  +0.080618
  [366] -0.044572  -0.060910  -0.020782  -0.029875  -0.029976  -0.021721
  [372] -0.004234  -0.014674  +0.021197  -0.020411  -0.048764  -0.017224
  [378] +0.023164  -0.062900  +0.074947  -0.083408  -0.002415  +0.060565

------------------------------------------------------------------------------
[C30]  PPFCF - min_investment - S01
------------------------------------------------------------------------------
  | Scheme: Parag Parikh Flexi Cap Fund (PPFAS Mutual Fund)
  | Topic: Min investment
  | Keywords: minimum investment lumpsum lump sum new purchase additional amount how much start
  | Fact: Parag Parikh Flexi Cap Fund has a minimum of Rs. 1,000 for a new (lump sum) purchase and Rs. 1,000 for an additional purchase.

  vector (384 dims, L2 norm 1.0000):
  [  0] +0.039157  -0.030579  -0.095055  -0.011148  +0.036498  +0.038171
  [  6] +0.057991  +0.126789  -0.037629  +0.008777  +0.038931  -0.035345
  [ 12] +0.001014  +0.021797  +0.031235  +0.002309  -0.022109  -0.071685
  [ 18] +0.066941  +0.019192  +0.001414  -0.066740  -0.030760  -0.061897
  [ 24] +0.022704  +0.003780  +0.079858  +0.048998  +0.062152  +0.021027
  [ 30] -0.005392  +0.053706  +0.031680  -0.045843  +0.050779  +0.081558
  [ 36] -0.044985  +0.017590  +0.006700  +0.005073  +0.045217  +0.058817
  [ 42] -0.021562  -0.044442  +0.018046  -0.035344  +0.008808  +0.037912
  [ 48] -0.002550  -0.015655  +0.025760  +0.050960  -0.008647  -0.012199
  [ 54] -0.051042  -0.050590  -0.064177  +0.014306  -0.029881  -0.036072
  [ 60] -0.022096  -0.075604  +0.051665  -0.040300  +0.045229  +0.052192
  [ 66] -0.014779  -0.004442  -0.037968  +0.049366  -0.060839  +0.035076
  [ 72] -0.060443  -0.036685  -0.086269  -0.031233  +0.014442  -0.008532
  [ 78] -0.060009  +0.021958  -0.010209  -0.058638  +0.015823  -0.013167
  [ 84] -0.022505  +0.019636  +0.047600  -0.075896  -0.013010  -0.036865
  [ 90] +0.078462  +0.068879  -0.017325  +0.048089  -0.039426  +0.025381
  [ 96] -0.109525  -0.085654  -0.022045  +0.019699  +0.010039  -0.059423
  [102] +0.037091  -0.019643  -0.067052  -0.016108  -0.012047  -0.068604
  [108] +0.001626  +0.049249  -0.024262  +0.074691  +0.000741  -0.004297
  [114] -0.064289  +0.116013  -0.042709  -0.015041  +0.072056  -0.050969
  [120] -0.016983  -0.003985  -0.025086  -0.018595  -0.003887  -0.029351
  [126] -0.061823  +0.000000  -0.007776  +0.052493  +0.054544  -0.093377
  [132] -0.056723  +0.011077  +0.043967  -0.077962  -0.082815  -0.013002
  [138] +0.078246  +0.007378  -0.005805  -0.059263  +0.009023  -0.120715
  [144] +0.031577  +0.097611  +0.049096  -0.052880  -0.040506  +0.024088
  [150] +0.029835  -0.046363  +0.070884  +0.054821  +0.097170  -0.033187
  [156] +0.050516  +0.016537  -0.024889  +0.043179  -0.068089  -0.003988
  [162] +0.008852  -0.034228  +0.022431  -0.095407  -0.066211  -0.046943
  [168] -0.003812  +0.065156  +0.013711  -0.036230  -0.065026  -0.046696
  [174] +0.118959  +0.061147  +0.011066  +0.026321  -0.073758  -0.029554
  [180] -0.081850  -0.003350  -0.012161  -0.064426  -0.097357  -0.022940
  [186] +0.040501  -0.016090  +0.047885  -0.149528  -0.060933  -0.012478
  [192] +0.017263  +0.102959  -0.028872  -0.019652  +0.093274  +0.048230
  [198] -0.068281  +0.011300  +0.012659  -0.007551  +0.080952  +0.004961
  [204] +0.086943  +0.135244  +0.098135  +0.011720  -0.056120  +0.013841
  [210] +0.020399  +0.007873  -0.036964  +0.026122  +0.051309  +0.101682
  [216] -0.044912  -0.100765  +0.029122  +0.011964  -0.018519  +0.066958
  [222] +0.022786  -0.000000  -0.023524  -0.042340  +0.004967  +0.044893
  [228] +0.055916  +0.030235  +0.075971  +0.002211  +0.095581  +0.067340
  [234] -0.011835  +0.019409  +0.006681  -0.052936  -0.039924  -0.029214
  [240] -0.012473  -0.025171  +0.060926  -0.055989  +0.044117  -0.012800
  [246] +0.054731  +0.021465  +0.007219  +0.039589  +0.006424  +0.019714
  [252] -0.125565  +0.029880  -0.011012  -0.022672  -0.087470  +0.005296
  [258] -0.038896  -0.099749  -0.017961  +0.003400  +0.010724  +0.079382
  [264] -0.020115  +0.001910  +0.119470  -0.016793  -0.003322  -0.115895
  [270] +0.018848  -0.029951  +0.019396  -0.074443  -0.026800  +0.013993
  [276] +0.040717  -0.057667  -0.020055  -0.035734  -0.031825  +0.047131
  [282] +0.017308  -0.021394  +0.028437  +0.042951  -0.070189  +0.127758
  [288] +0.013827  -0.005848  -0.001395  -0.119861  +0.004085  -0.034067
  [294] +0.086207  +0.099216  +0.098694  +0.092254  -0.007831  +0.040002
  [300] +0.032775  +0.008896  +0.082111  +0.046319  +0.050267  +0.049537
  [306] -0.060963  +0.011602  +0.010560  -0.014896  +0.006939  +0.050783
  [312] +0.025012  +0.012125  -0.087461  -0.003140  +0.124362  +0.078620
  [318] -0.020886  -0.000000  -0.061575  -0.050973  -0.060003  -0.019923
  [324] +0.045092  -0.000758  +0.010593  -0.102328  -0.006545  -0.012317
  [330] +0.042975  +0.014654  -0.008027  +0.031635  -0.067456  -0.026197
  [336] -0.004328  -0.001826  -0.000116  +0.016197  +0.014933  +0.015426
  [342] -0.025580  -0.010547  +0.040132  +0.043541  +0.030373  +0.039763
  [348] -0.011356  +0.020754  -0.007234  +0.002344  +0.022001  -0.033405
  [354] -0.093657  +0.131781  +0.059188  +0.064928  +0.001352  +0.065277
  [360] +0.006492  -0.091886  +0.029397  -0.069858  -0.052659  +0.064724
  [366] -0.040625  -0.070953  +0.014590  -0.049782  +0.062876  -0.034396
  [372] -0.062156  -0.025392  -0.033129  +0.014288  -0.038840  +0.022139
  [378] -0.079565  -0.069574  +0.050615  -0.053263  -0.003500  +0.070746

------------------------------------------------------------------------------
[C31]  PPTSF - min_investment - S10
------------------------------------------------------------------------------
  | Scheme: Parag Parikh ELSS Tax Saver Fund (PPFAS Mutual Fund)
  | Topic: Min investment
  | Keywords: minimum investment lumpsum lump sum new purchase additional amount how much start
  | Fact: Parag Parikh ELSS Tax Saver Fund has a minimum application amount of Rs. 500 and in multiples of Rs. 500 thereafter, for both a new purchase and an additional purchase.

  vector (384 dims, L2 norm 1.0000):
  [  0] +0.018186  -0.011701  -0.101333  -0.036376  +0.047549  +0.048548
  [  6] +0.054386  +0.087524  -0.044828  +0.031632  +0.039969  -0.018682
  [ 12] +0.032163  -0.023796  +0.017302  +0.014757  -0.009977  -0.063504
  [ 18] +0.045899  -0.012040  +0.054936  -0.071655  -0.048574  -0.033409
  [ 24] +0.028624  -0.018667  +0.072687  +0.036506  +0.070181  +0.014832
  [ 30] +0.033844  +0.038592  +0.006387  -0.044482  +0.039457  +0.096587
  [ 36] -0.049236  +0.030938  +0.001312  +0.020711  +0.041775  +0.027078
  [ 42] -0.048655  -0.064505  +0.002026  -0.035538  -0.002895  +0.031988
  [ 48] -0.020119  -0.003408  +0.019452  +0.032286  -0.027674  +0.001743
  [ 54] -0.052908  -0.138066  -0.061008  +0.038891  -0.058258  -0.051228
  [ 60] -0.036956  -0.069838  +0.039019  -0.039149  +0.013532  +0.067646
  [ 66] -0.016873  -0.006839  -0.056861  +0.034650  -0.067091  +0.030584
  [ 72] -0.056664  -0.013386  -0.095195  -0.039207  +0.028822  -0.012147
  [ 78] -0.084122  -0.018868  +0.013225  -0.011994  -0.012986  -0.000718
  [ 84] -0.002030  +0.011607  +0.064854  -0.089752  +0.014995  -0.044980
  [ 90] +0.079992  +0.055682  -0.013267  +0.051726  -0.040657  +0.020122
  [ 96] -0.095257  -0.080845  -0.021103  +0.007304  +0.041595  -0.035633
  [102] +0.068613  -0.027721  -0.061470  -0.019072  +0.013964  -0.023648
  [108] -0.004754  +0.051413  -0.014899  +0.100233  +0.015913  -0.005922
  [114] -0.037891  +0.122803  -0.039744  -0.018975  +0.081536  -0.055797
  [120] +0.012415  +0.008600  -0.012238  -0.036974  +0.020527  -0.053391
  [126] -0.040357  +0.000000  -0.042291  +0.052389  +0.063973  -0.081915
  [132] -0.078267  +0.025697  +0.058129  -0.031183  -0.057834  -0.046908
  [138] +0.046662  -0.020236  +0.014910  -0.035838  +0.014783  -0.111478
  [144] +0.011804  +0.079934  +0.037842  -0.041734  -0.011929  -0.003826
  [150] +0.002082  -0.059313  +0.046509  +0.058865  +0.112942  -0.048887
  [156] +0.005187  +0.023719  +0.011426  +0.049656  -0.045401  +0.004219
  [162] +0.008086  -0.014151  +0.069358  -0.048984  -0.042846  -0.092492
  [168] -0.018136  +0.061792  +0.048304  -0.009665  -0.078615  -0.057670
  [174] +0.100556  +0.075070  +0.021204  +0.038752  -0.032327  -0.073079
  [180] -0.032750  -0.004221  -0.000752  -0.065952  -0.107115  -0.073709
  [186] +0.014995  -0.027285  +0.067643  -0.134049  -0.061967  -0.029480
  [192] +0.016484  +0.043314  -0.011220  -0.066488  +0.066505  +0.036386
  [198] -0.096668  +0.022653  +0.040518  -0.031806  +0.079985  -0.002720
  [204] +0.053262  +0.135951  +0.079964  +0.023256  -0.052574  -0.011433
  [210] +0.003489  -0.024304  -0.035927  +0.033483  +0.070348  +0.109475
  [216] -0.050993  -0.085138  +0.048264  +0.024874  -0.006972  +0.074513
  [222] +0.019867  -0.000000  -0.031865  -0.017544  +0.035304  +0.100213
  [228] +0.064329  +0.027280  +0.095578  +0.008309  +0.082806  +0.095765
  [234] +0.004478  +0.011139  +0.051822  -0.061596  +0.003960  -0.023398
  [240] -0.014349  -0.010832  +0.028601  -0.062263  +0.046228  +0.022732
  [246] +0.032327  -0.000458  -0.010591  +0.044332  -0.015540  +0.024089
  [252] -0.129675  +0.026024  -0.027682  -0.035626  -0.095113  -0.012630
  [258] -0.038094  -0.100458  -0.017230  +0.010480  -0.038547  +0.062917
  [264] -0.012468  +0.020272  +0.076382  -0.007456  +0.006333  -0.123579
  [270] +0.014936  +0.013915  +0.025887  -0.031881  -0.022753  +0.003971
  [276] +0.007684  -0.017321  +0.015032  +0.003611  -0.045177  +0.054506
  [282] -0.016509  -0.001580  +0.010554  +0.059042  -0.045052  +0.104973
  [288] +0.027417  -0.033097  +0.013313  -0.071363  +0.021340  -0.030193
  [294] +0.027791  +0.105682  +0.066455  +0.031816  -0.011036  +0.039222
  [300] +0.024462  -0.005683  +0.057878  +0.043419  +0.061401  +0.052209
  [306] -0.045088  -0.007604  +0.005321  -0.000286  -0.022423  +0.012725
  [312] +0.048681  -0.005158  -0.079797  +0.013529  +0.134192  +0.078021
  [318] +0.002815  -0.000000  -0.081779  -0.029887  -0.084366  -0.009495
  [324] -0.002100  -0.037878  +0.006675  -0.063167  -0.002275  -0.007748
  [330] +0.092954  +0.019552  -0.021000  +0.043666  -0.041954  -0.073195
  [336] +0.025136  +0.028383  -0.013910  +0.016101  +0.065076  -0.016323
  [342] -0.037856  -0.001375  +0.084111  +0.034628  +0.067715  +0.018805
  [348] +0.003213  +0.012735  +0.005084  +0.008249  -0.004876  -0.030569
  [354] -0.107136  +0.133553  +0.027575  +0.091957  +0.061603  +0.074711
  [360] +0.002312  -0.111350  +0.008276  -0.057031  -0.048174  +0.078526
  [366] -0.044066  -0.100099  -0.019650  -0.027660  +0.042350  -0.048299
  [372] -0.012605  -0.045829  -0.010054  -0.030672  -0.060498  +0.012342
  [378] -0.034314  -0.100970  +0.083430  -0.019619  -0.005410  +0.099560

------------------------------------------------------------------------------
[C32]  PPCHF - min_investment - S07
------------------------------------------------------------------------------
  | Scheme: Parag Parikh Conservative Hybrid Fund (PPFAS Mutual Fund)
  | Topic: Min investment
  | Keywords: minimum investment lumpsum lump sum new purchase amount how much start
  | Fact: Parag Parikh Conservative Hybrid Fund has a minimum of Rs. 5,000 for a new (lump sum) purchase.

  vector (384 dims, L2 norm 1.0000):
  [  0] +0.048240  -0.019384  -0.100718  -0.019362  -0.000674  +0.033910
  [  6] +0.049383  +0.101517  -0.037742  +0.005516  +0.037198  -0.016290
  [ 12] +0.022299  +0.011057  +0.027206  +0.011806  +0.014594  -0.078198
  [ 18] +0.056191  +0.013930  -0.024183  -0.059102  -0.047672  -0.047394
  [ 24] +0.047776  +0.009424  +0.087259  +0.047059  +0.060290  +0.023605
  [ 30] +0.002004  +0.047740  +0.008769  -0.013666  +0.050850  +0.071486
  [ 36] -0.062911  +0.023347  -0.008553  +0.021301  +0.046921  +0.048527
  [ 42] -0.045323  -0.039548  +0.020739  -0.007883  +0.002948  +0.046782
  [ 48] -0.014034  -0.023634  +0.009453  +0.050126  -0.028552  -0.018461
  [ 54] -0.038963  -0.107042  -0.042568  +0.019737  -0.043496  -0.047347
  [ 60] -0.034549  -0.057693  +0.027119  -0.048267  +0.023282  +0.028394
  [ 66] -0.007112  -0.007873  -0.010273  +0.029948  -0.071155  +0.040672
  [ 72] -0.032586  -0.041100  -0.079428  -0.041813  +0.036933  -0.016584
  [ 78] -0.050755  -0.048068  +0.005896  -0.025940  +0.006811  -0.026216
  [ 84] -0.016254  +0.014634  +0.049958  -0.053365  -0.023030  -0.063774
  [ 90] +0.080969  +0.076111  -0.019868  +0.037350  -0.033613  +0.018213
  [ 96] -0.105405  -0.115358  -0.028991  +0.020983  +0.032718  -0.059958
  [102] +0.072173  -0.003828  -0.079414  -0.012142  +0.001195  -0.033224
  [108] +0.005085  +0.059041  -0.057865  +0.089721  +0.024549  -0.001972
  [114] -0.071935  +0.102720  -0.049260  -0.033557  +0.070317  -0.033619
  [120] -0.012938  -0.014887  -0.029132  -0.011746  -0.017549  -0.022321
  [126] -0.027738  +0.000000  -0.022606  +0.037122  +0.068578  -0.090723
  [132] -0.078313  +0.016126  +0.055269  -0.084318  -0.052625  -0.016809
  [138] +0.055293  -0.020629  -0.024724  -0.043204  -0.003899  -0.125876
  [144] -0.001817  +0.088243  +0.046787  -0.045256  -0.024059  +0.059600
  [150] +0.005962  -0.062338  +0.064984  +0.039999  +0.120474  -0.038005
  [156] +0.019718  +0.022317  -0.032607  +0.013365  -0.072360  -0.000720
  [162] +0.025274  -0.009828  +0.048250  -0.081494  -0.063292  -0.063410
  [168] -0.004508  +0.047587  +0.027377  -0.015167  -0.048488  -0.035408
  [174] +0.115370  +0.065347  +0.002173  +0.041105  -0.069951  -0.020232
  [180] -0.041818  -0.001906  -0.007944  -0.071342  -0.087532  -0.038640
  [186] +0.022561  -0.031673  +0.047475  -0.116254  -0.075788  -0.029272
  [192] -0.007680  +0.063695  -0.050556  -0.024109  +0.106432  +0.070746
  [198] -0.057968  +0.028891  +0.024885  -0.027013  +0.090286  -0.002860
  [204] +0.077873  +0.137878  +0.099804  +0.020846  -0.054854  -0.000618
  [210] +0.006362  +0.003677  -0.045082  +0.031674  +0.085299  +0.086527
  [216] -0.068361  -0.112426  +0.046361  +0.015703  +0.004799  +0.088208
  [222] +0.057678  -0.000000  -0.046270  -0.006989  +0.035007  +0.077655
  [228] +0.050746  +0.023683  +0.058143  -0.002659  +0.083809  +0.096482
  [234] +0.001760  +0.010361  +0.044495  -0.072799  -0.018666  -0.045903
  [240] -0.016075  -0.013669  +0.067895  -0.020545  +0.022861  +0.011843
  [246] -0.006163  +0.029589  +0.002346  +0.036678  +0.035400  +0.019907
  [252] -0.101475  +0.020386  +0.010005  -0.029805  -0.102778  +0.005748
  [258] -0.045872  -0.120695  -0.003611  +0.023923  -0.031332  +0.068096
  [264] -0.015435  +0.010142  +0.113326  -0.025118  -0.020899  -0.095832
  [270] -0.010670  -0.001416  +0.039877  -0.067373  +0.001857  +0.024164
  [276] +0.035030  -0.041822  -0.023846  -0.037912  -0.013915  +0.076930
  [282] +0.028767  -0.005723  -0.002806  +0.043506  -0.046863  +0.110530
  [288] +0.005951  -0.008185  -0.008034  -0.064197  +0.018287  -0.037453
  [294] +0.019737  +0.127680  +0.098805  +0.064456  +0.001273  +0.017121
  [300] +0.051525  +0.004509  +0.087001  +0.056046  +0.102861  +0.040979
  [306] -0.039708  +0.001660  +0.001712  -0.000524  -0.021182  +0.034513
  [312] +0.026232  +0.000453  -0.088091  -0.022678  +0.108470  +0.053698
  [318] -0.012843  -0.000000  -0.060582  -0.047304  -0.051698  -0.011084
  [324] +0.010273  -0.027199  +0.007092  -0.108328  +0.011566  +0.009038
  [330] +0.057879  -0.007410  -0.018780  +0.026365  -0.061952  -0.044806
  [336] +0.014020  -0.022412  +0.002246  +0.004477  +0.004495  -0.001423
  [342] -0.049518  +0.002669  +0.071484  +0.043912  +0.055241  +0.017737
  [348] +0.000291  +0.034469  -0.000787  +0.020395  -0.022374  -0.020489
  [354] -0.113539  +0.140942  +0.069239  +0.076397  +0.010436  +0.048437
  [360] -0.002821  -0.108597  +0.002619  -0.085552  -0.059111  +0.064534
  [366] -0.023778  -0.090578  +0.002557  -0.041406  +0.066587  -0.031143
  [372] -0.037712  -0.034778  -0.023397  -0.010205  -0.052052  +0.002855
  [378] -0.060902  -0.084388  +0.072530  -0.038725  +0.010646  +0.101828

------------------------------------------------------------------------------
[C33]  PPDAAF - min_investment - S04
------------------------------------------------------------------------------
  | Scheme: Parag Parikh Dynamic Asset Allocation Fund (PPFAS Mutual Fund)
  | Topic: Min investment
  | Keywords: minimum investment lumpsum lump sum new purchase additional amount how much start
  | Fact: Parag Parikh Dynamic Asset Allocation Fund has a minimum of Rs. 5,000 for an initial purchase and Rs. 500 for an additional purchase.

  vector (384 dims, L2 norm 1.0000):
  [  0] +0.020929  -0.034311  -0.110347  -0.002095  -0.012850  +0.019927
  [  6] +0.066356  +0.110728  -0.030463  +0.007004  +0.025655  -0.010604
  [ 12] +0.018021  +0.013595  +0.025264  +0.020389  +0.020812  -0.076111
  [ 18] +0.072374  +0.000969  +0.014398  -0.051816  -0.043704  -0.060439
  [ 24] +0.022075  +0.002647  +0.092280  +0.030992  +0.068031  +0.041315
  [ 30] +0.006733  +0.043256  +0.020995  -0.024451  +0.043111  +0.082496
  [ 36] -0.059733  +0.012857  -0.035420  +0.004646  +0.069878  +0.070898
  [ 42] -0.033103  -0.046564  +0.036398  -0.016835  +0.024167  +0.071086
  [ 48] -0.019698  -0.017900  +0.001589  +0.049548  -0.015030  -0.005516
  [ 54] -0.050850  -0.068362  -0.046864  +0.034006  -0.032049  -0.049653
  [ 60] -0.037855  -0.059479  +0.040973  -0.042433  +0.038943  +0.048708
  [ 66] +0.007321  +0.003617  -0.023184  +0.041097  -0.064990  +0.049368
  [ 72] -0.029794  -0.045265  -0.076199  -0.013448  +0.008885  -0.042726
  [ 78] -0.060370  -0.015570  +0.021937  -0.043056  +0.018418  -0.017297
  [ 84] -0.014254  +0.017974  +0.050859  -0.058427  -0.007800  -0.059464
  [ 90] +0.093729  +0.033585  -0.017411  +0.037467  -0.019927  +0.021640
  [ 96] -0.106103  -0.118157  -0.038446  +0.009028  +0.014016  -0.044653
  [102] +0.058072  +0.008455  -0.079673  -0.010242  +0.002387  -0.035126
  [108] -0.002918  +0.068612  -0.048353  +0.095609  +0.017799  -0.015713
  [114] -0.049277  +0.117127  -0.046757  -0.022745  +0.056449  -0.049416
  [120] +0.008886  -0.017328  -0.035711  -0.000599  -0.006753  -0.034671
  [126] -0.048440  +0.000000  -0.027612  +0.034808  +0.080865  -0.090080
  [132] -0.104919  +0.017080  +0.062708  -0.077796  -0.055491  -0.021667
  [138] +0.055554  +0.010449  -0.019148  -0.019543  +0.025182  -0.124522
  [144] +0.012108  +0.125433  +0.078021  -0.030941  -0.028195  +0.050479
  [150] +0.009685  -0.084146  +0.077376  +0.075129  +0.105346  -0.030261
  [156] +0.022350  +0.015215  -0.009292  -0.000694  -0.073186  -0.000570
  [162] +0.006250  -0.024935  -0.001795  -0.063255  -0.053155  -0.069398
  [168] +0.018350  +0.045143  +0.012112  -0.021866  -0.076539  -0.054353
  [174] +0.125874  +0.063591  -0.036347  +0.050486  -0.057556  -0.046950
  [180] -0.049282  +0.002403  -0.021381  -0.081452  -0.082642  -0.050188
  [186] +0.024809  -0.028739  +0.056174  -0.129231  -0.083280  -0.033589
  [192] +0.001662  +0.070704  -0.032835  -0.019476  +0.082158  +0.053323
  [198] -0.063768  +0.010480  +0.027668  -0.019636  +0.065912  -0.013397
  [204] +0.079237  +0.138124  +0.065280  +0.019207  -0.067260  -0.011557
  [210] +0.027992  +0.012556  -0.051849  +0.046254  +0.079471  +0.078706
  [216] -0.087312  -0.100658  +0.052544  +0.023590  -0.004868  +0.086371
  [222] +0.032172  -0.000000  -0.042656  -0.022497  +0.012670  +0.083229
  [228] +0.066220  +0.009398  +0.074073  +0.012031  +0.088616  +0.057751
  [234] -0.032934  +0.019187  +0.029964  -0.060638  +0.009525  -0.033617
  [240] -0.025041  -0.003620  +0.066807  -0.072386  +0.037695  +0.019870
  [246] +0.050484  -0.010280  +0.003543  +0.059261  +0.023627  +0.029697
  [252] -0.105246  +0.027660  -0.032093  -0.021655  -0.090703  +0.017225
  [258] -0.048705  -0.104623  -0.014023  +0.028187  -0.012254  +0.081581
  [264] -0.025379  +0.013989  +0.096259  +0.003124  -0.012210  -0.098805
  [270] +0.029562  +0.019265  +0.053777  -0.065962  -0.016196  +0.036188
  [276] +0.025847  -0.034515  -0.006194  -0.013088  -0.029993  +0.062411
  [282] +0.044371  +0.000224  +0.011392  +0.049143  -0.045258  +0.109752
  [288] -0.007375  -0.002962  -0.003938  -0.093505  +0.012137  -0.020363
  [294] +0.043231  +0.112663  +0.080598  +0.062832  -0.005919  +0.036191
  [300] +0.037815  +0.027213  +0.078999  +0.045696  +0.042350  +0.047763
  [306] -0.055194  +0.005910  +0.004241  -0.034373  -0.006192  +0.039267
  [312] +0.021644  +0.025434  -0.081535  -0.011986  +0.125039  +0.073398
  [318] -0.019687  -0.000000  -0.068022  -0.043789  -0.037807  -0.028433
  [324] +0.004016  -0.049275  +0.019208  -0.072736  +0.021988  -0.006479
  [330] +0.079964  -0.026065  -0.011710  +0.038607  -0.072467  -0.054512
  [336] -0.019254  -0.013939  -0.032602  +0.005333  +0.029248  -0.013014
  [342] -0.054853  -0.013814  +0.072006  +0.039364  +0.038902  -0.003562
  [348] -0.018674  +0.045556  -0.004865  +0.016349  +0.011127  -0.031414
  [354] -0.101644  +0.129504  +0.039346  +0.066807  -0.011006  +0.049241
  [360] -0.020211  -0.098337  +0.026809  -0.067787  -0.033787  +0.055764
  [366] -0.027956  -0.077324  +0.011841  -0.048141  +0.062734  -0.024193
  [372] -0.061978  -0.049458  -0.015679  -0.006642  -0.029942  +0.000075
  [378] -0.060160  -0.069040  +0.043593  -0.055590  -0.031134  +0.083117

------------------------------------------------------------------------------
[C34]  PPLF - min_investment - S05
------------------------------------------------------------------------------
  | Scheme: Parag Parikh Liquid Fund (PPFAS Mutual Fund)
  | Topic: Min investment
  | Keywords: minimum investment lumpsum lump sum new purchase additional amount how much start
  | Fact: Parag Parikh Liquid Fund has a minimum of Rs. 5,000 for a new purchase and Rs. 1,000 for an additional purchase.

  vector (384 dims, L2 norm 1.0000):
  [  0] +0.020228  -0.033158  -0.095039  -0.023854  +0.002197  +0.030793
  [  6] +0.065058  +0.119025  -0.040906  -0.013974  +0.034898  -0.034707
  [ 12] -0.013181  +0.018743  +0.030474  -0.014327  -0.005296  -0.074433
  [ 18] +0.070766  -0.017799  +0.009627  -0.065431  -0.061946  -0.036620
  [ 24] +0.030527  +0.019240  +0.116949  +0.043955  +0.070707  +0.022767
  [ 30] +0.001741  +0.048277  +0.016653  -0.043121  +0.069702  +0.072623
  [ 36] -0.044128  +0.022937  -0.034426  +0.010287  +0.077562  +0.065631
  [ 42] -0.006371  -0.035504  +0.035031  -0.009803  +0.038653  +0.058986
  [ 48] -0.022875  -0.002069  -0.004453  +0.041093  -0.027488  +0.002346
  [ 54] -0.063061  -0.100899  -0.028611  +0.012779  -0.038428  -0.037524
  [ 60] -0.028016  -0.027808  +0.020645  -0.044567  +0.033999  +0.032612
  [ 66] -0.031327  +0.002962  -0.049107  +0.048926  -0.053824  +0.020664
  [ 72] -0.033517  -0.012249  -0.095649  -0.049346  +0.001521  -0.036411
  [ 78] -0.079940  +0.006838  +0.017497  -0.036345  +0.016849  +0.017032
  [ 84] -0.029069  +0.000138  +0.061324  -0.062169  -0.001929  -0.051957
  [ 90] +0.098184  +0.068704  -0.023517  +0.028482  -0.016470  +0.046128
  [ 96] -0.112515  -0.106335  -0.011694  +0.010142  +0.031017  -0.041047
  [102] +0.050749  -0.006538  -0.062570  -0.001511  +0.013273  -0.033756
  [108] +0.028326  +0.059589  -0.056860  +0.077593  +0.019769  -0.017001
  [114] -0.042103  +0.115510  -0.047026  -0.022190  +0.055205  -0.030300
  [120] +0.005214  +0.006329  -0.041708  -0.005478  -0.001221  -0.018282
  [126] -0.051819  +0.000000  -0.021325  +0.029045  +0.068917  -0.078147
  [132] -0.093550  +0.038854  +0.051496  -0.108307  -0.051170  -0.019314
  [138] +0.052787  -0.004003  -0.045793  -0.040982  -0.020414  -0.127488
  [144] +0.027391  +0.102772  +0.056846  -0.036289  -0.031429  +0.031907
  [150] -0.009925  -0.078562  +0.062335  +0.065908  +0.087456  -0.030942
  [156] +0.042199  +0.005832  -0.021614  +0.029992  -0.060472  +0.017555
  [162] -0.011015  -0.020120  +0.028137  -0.087140  -0.043968  -0.062573
  [168] -0.003389  +0.069561  +0.035798  -0.014378  -0.071037  -0.043612
  [174] +0.089123  +0.035989  -0.002146  +0.005891  -0.044105  -0.049546
  [180] -0.054221  +0.018190  -0.025157  -0.081942  -0.093067  -0.036222
  [186] +0.011105  -0.027244  +0.054435  -0.108718  -0.092466  -0.011668
  [192] -0.003201  +0.078295  -0.030108  -0.013432  +0.099307  +0.023113
  [198] -0.093364  +0.023493  +0.028266  -0.041196  +0.072849  -0.021146
  [204] +0.090984  +0.136682  +0.104700  +0.023436  -0.051243  -0.048907
  [210] +0.033476  +0.008789  -0.034781  +0.043167  +0.043280  +0.086698
  [216] -0.052581  -0.090705  +0.015113  +0.007701  -0.002619  +0.089540
  [222] +0.036577  -0.000000  -0.066438  -0.030820  +0.013223  +0.091064
  [228] +0.077297  +0.032303  +0.096557  +0.018433  +0.108262  +0.076826
  [234] -0.018791  +0.025139  +0.048424  -0.067194  -0.014641  -0.028587
  [240] -0.009382  +0.007946  +0.080571  -0.076954  +0.023704  +0.021613
  [246] +0.040656  +0.024361  -0.010754  +0.048216  +0.009353  +0.029604
  [252] -0.112554  +0.047028  +0.003943  -0.027362  -0.067685  +0.005536
  [258] -0.051219  -0.097904  +0.005137  +0.034040  -0.039825  +0.084668
  [264] -0.019737  +0.000018  +0.096567  -0.015163  -0.013788  -0.060594
  [270] +0.034434  -0.025695  +0.046746  -0.080108  -0.024362  +0.023638
  [276] +0.035054  -0.033884  -0.006495  -0.024941  -0.026112  +0.056932
  [282] +0.026223  -0.001445  +0.007709  +0.080461  -0.065378  +0.089550
  [288] +0.014026  +0.004552  +0.004353  -0.063281  +0.010484  -0.051579
  [294] +0.065607  +0.105512  +0.103073  +0.047521  +0.010614  +0.014572
  [300] +0.029417  +0.019724  +0.054187  +0.047058  +0.076484  +0.073138
  [306] -0.064275  +0.008662  +0.022422  -0.032933  +0.005187  +0.029786
  [312] +0.011985  +0.025414  -0.093720  -0.017655  +0.110911  +0.061058
  [318] -0.014286  -0.000000  -0.077433  -0.041485  -0.049180  -0.022135
  [324] -0.004599  -0.042531  +0.002209  -0.057546  +0.032036  -0.008104
  [330] +0.068461  -0.008990  -0.006450  +0.029564  -0.062376  -0.049109
  [336] -0.006777  -0.033348  -0.018317  +0.018826  +0.044409  -0.003260
  [342] -0.047347  -0.019989  +0.044868  +0.044716  +0.056755  +0.025116
  [348] -0.004354  +0.023388  -0.015499  +0.018208  +0.009897  +0.004826
  [354] -0.106203  +0.122193  +0.043593  +0.060708  +0.005936  +0.043826
  [360] -0.029780  -0.112862  +0.003060  -0.071536  -0.032563  +0.053757
  [366] -0.046458  -0.082242  +0.004274  -0.057983  +0.060466  -0.017836
  [372] -0.038494  -0.031003  -0.002240  -0.013706  -0.063836  +0.028257
  [378] -0.073097  -0.088182  +0.055884  -0.068188  +0.014528  +0.084708

------------------------------------------------------------------------------
[C40]  PPFCF - min_sip - S01
------------------------------------------------------------------------------
  | Scheme: Parag Parikh Flexi Cap Fund (PPFAS Mutual Fund)
  | Topic: Min sip
  | Keywords: minimum sip monthly quarterly systematic investment plan smallest
  | Fact: The minimum SIP in Parag Parikh Flexi Cap Fund is Rs. 1,000 for a monthly SIP and Rs. 3,000 for a quarterly SIP.

  vector (384 dims, L2 norm 1.0000):
  [  0] +0.036215  -0.025741  -0.103533  -0.011018  +0.002386  +0.002976
  [  6] +0.036263  +0.110220  -0.010417  -0.009810  +0.017357  -0.052751
  [ 12] -0.056103  +0.041593  +0.024546  -0.032404  -0.032264  -0.095464
  [ 18] +0.090890  +0.012444  +0.028330  -0.034102  -0.011002  -0.075945
  [ 24] +0.041817  +0.013857  +0.077454  +0.028665  +0.066220  +0.021571
  [ 30] +0.037248  +0.112804  +0.073248  -0.079902  +0.053864  +0.087975
  [ 36] -0.032418  +0.010866  +0.010050  +0.004252  +0.030566  +0.047649
  [ 42] -0.014682  -0.057520  +0.019485  -0.031457  -0.007883  +0.075019
  [ 48] -0.030014  +0.014269  +0.048475  +0.035619  +0.010568  -0.012429
  [ 54] -0.050694  -0.055737  -0.042496  +0.008203  -0.011351  +0.002133
  [ 60] -0.018948  -0.033391  -0.007273  -0.024600  +0.030690  +0.075098
  [ 66] -0.011130  -0.004616  +0.001068  +0.013560  -0.066616  -0.019340
  [ 72] -0.040317  -0.065667  -0.073844  +0.002405  +0.001379  -0.003593
  [ 78] -0.066207  +0.013556  -0.020296  -0.069384  -0.006385  +0.021851
  [ 84] -0.007746  +0.005999  +0.022633  -0.089310  -0.029007  -0.033441
  [ 90] +0.053406  +0.067644  +0.018704  +0.039954  -0.041650  +0.041583
  [ 96] -0.122809  -0.131944  -0.029905  +0.029729  +0.012057  -0.011879
  [102] -0.021219  -0.039403  -0.043834  -0.013667  +0.006347  -0.059723
  [108] +0.046898  +0.065075  -0.043141  +0.084249  +0.036036  -0.004874
  [114] -0.046106  +0.052774  -0.076485  -0.029856  +0.118432  +0.027242
  [120] -0.035139  +0.038118  -0.026730  -0.027385  +0.008672  -0.005042
  [126] -0.068943  +0.000000  +0.007877  +0.075179  +0.038041  -0.085506
  [132] -0.053219  +0.013170  +0.047394  -0.090509  -0.070840  -0.008771
  [138] +0.069665  -0.002182  +0.022357  -0.036842  +0.020323  -0.116456
  [144] +0.028313  +0.125501  +0.019260  -0.031604  -0.034266  +0.035110
  [150] +0.022193  -0.067991  +0.123553  +0.062726  +0.064603  -0.043136
  [156] +0.091527  +0.038092  -0.028218  +0.049663  -0.031912  -0.010011
  [162] -0.012628  -0.008339  +0.014262  -0.080289  -0.067661  -0.053585
  [168] -0.022785  +0.076434  +0.034427  -0.049519  -0.064438  -0.039149
  [174] +0.064930  +0.040088  -0.001716  -0.012114  -0.085313  -0.033150
  [180] -0.086275  +0.017712  +0.022060  -0.091032  -0.074947  -0.028607
  [186] +0.033683  -0.020076  +0.025020  -0.095184  -0.122299  -0.001322
  [192] +0.015229  +0.103320  -0.057632  -0.020403  +0.086438  +0.031190
  [198] -0.069922  +0.015672  +0.021567  -0.001381  +0.032975  -0.011208
  [204] +0.131418  +0.123872  +0.072112  +0.067489  -0.062699  +0.044529
  [210] +0.032281  +0.010800  +0.014083  +0.008649  +0.052883  +0.092140
  [216] -0.045887  -0.057463  +0.007102  +0.006535  +0.000828  +0.029969
  [222] +0.006090  -0.000000  -0.042845  -0.029751  +0.041689  +0.025397
  [228] +0.058123  -0.002419  +0.096814  +0.002821  +0.083861  +0.012404
  [234] -0.040158  +0.035618  +0.044266  -0.025588  -0.013722  -0.009599
  [240] -0.003547  -0.052718  +0.079445  -0.062651  +0.039033  -0.018675
  [246] +0.054565  +0.038481  -0.001826  +0.010083  -0.024995  -0.026545
  [252] -0.108107  +0.015435  -0.022650  -0.026182  -0.116489  +0.019949
  [258] -0.042930  -0.071501  -0.030767  +0.039608  -0.013600  +0.070325
  [264] +0.012193  -0.029243  +0.081267  -0.054321  +0.014026  -0.104511
  [270] +0.024645  -0.051223  -0.003042  -0.099456  -0.035726  -0.006032
  [276] +0.048033  +0.008615  -0.006003  -0.066579  +0.011525  +0.009504
  [282] +0.025861  -0.029801  +0.068638  +0.066790  -0.060346  +0.116208
  [288] -0.005084  -0.008328  -0.006252  -0.071154  +0.010944  -0.069747
  [294] +0.077965  +0.054318  +0.113468  +0.104917  -0.023933  +0.039430
  [300] -0.025898  +0.012329  +0.062066  +0.058606  +0.020179  +0.093994
  [306] -0.109014  +0.036290  +0.057209  -0.024242  +0.063020  -0.023713
  [312] +0.018137  +0.014925  -0.094493  -0.025728  +0.102268  +0.070262
  [318] -0.000207  -0.000000  -0.047169  -0.037315  -0.024278  -0.016711
  [324] +0.022932  -0.016758  -0.012256  -0.100255  +0.002402  -0.004643
  [330] +0.084721  -0.001084  +0.011647  +0.020467  -0.074149  -0.036704
  [336] +0.002306  +0.009135  -0.022258  -0.026949  +0.015699  +0.024236
  [342] -0.035234  -0.017550  +0.014373  +0.029856  +0.024750  +0.035217
  [348] +0.000598  +0.002191  -0.031878  +0.017994  +0.016034  -0.021533
  [354] -0.101392  +0.101462  +0.036315  +0.040631  -0.019154  +0.073406
  [360] +0.005473  -0.113592  -0.005237  -0.069061  -0.048727  +0.055155
  [366] -0.028356  -0.044357  +0.023164  -0.052827  +0.041182  +0.005737
  [372] -0.011302  -0.002841  +0.009110  +0.025152  -0.046343  +0.011371
  [378] -0.078662  -0.079226  +0.052003  -0.020356  -0.014707  +0.068388

------------------------------------------------------------------------------
[C41]  PPTSF - min_sip - S10
------------------------------------------------------------------------------
  | Scheme: Parag Parikh ELSS Tax Saver Fund (PPFAS Mutual Fund)
  | Topic: Min sip
  | Keywords: minimum sip monthly quarterly systematic investment plan smallest
  | Fact: The minimum SIP in Parag Parikh ELSS Tax Saver Fund is Rs. 1,000 for a monthly SIP (in multiples of Rs. 500 thereafter) and Rs. 3,000 for a quarterly SIP. The minimum total SIP amount per application is Rs. 6,000 for monthly and Rs. 12,000 for quarterly frequencies.

  vector (384 dims, L2 norm 1.0000):
  [  0] +0.030233  -0.022865  -0.105169  -0.038492  -0.000812  +0.010826
  [  6] +0.038210  +0.082662  -0.016920  +0.011520  +0.019659  -0.044207
  [ 12] -0.032761  -0.006473  +0.019537  -0.009563  -0.018698  -0.103902
  [ 18] +0.090741  -0.008488  +0.071106  -0.050398  -0.034055  -0.045378
  [ 24] +0.064213  -0.022762  +0.066900  +0.026207  +0.084397  +0.001586
  [ 30] +0.081963  +0.106001  +0.048898  -0.085250  +0.051892  +0.097366
  [ 36] -0.041586  +0.019020  -0.015528  +0.025311  +0.029769  +0.028393
  [ 42] -0.043382  -0.081786  -0.013773  -0.036831  -0.017707  +0.065460
  [ 48] -0.043063  +0.037586  +0.057318  +0.031505  +0.000773  +0.011298
  [ 54] -0.048547  -0.133320  -0.048836  +0.053058  -0.040534  -0.014067
  [ 60] -0.029125  -0.032705  -0.003023  -0.032981  +0.000638  +0.072767
  [ 66] -0.009376  -0.008061  -0.015504  +0.009477  -0.074301  -0.035090
  [ 72] -0.038515  -0.051736  -0.085073  +0.001626  +0.031345  -0.006343
  [ 78] -0.076177  -0.031227  +0.009946  -0.017686  -0.019025  +0.018515
  [ 84] +0.008513  -0.005606  +0.030121  -0.086067  +0.000459  -0.036740
  [ 90] +0.066484  +0.067272  +0.010826  +0.032346  -0.057152  +0.028239
  [ 96] -0.095035  -0.124904  -0.023363  +0.018396  +0.025754  +0.003345
  [102] +0.007417  -0.045296  -0.036344  -0.009867  +0.025985  -0.013910
  [108] +0.034838  +0.056434  -0.037766  +0.113051  +0.053463  -0.007845
  [114] -0.030637  +0.067901  -0.079255  -0.040988  +0.131150  +0.011821
  [120] +0.003559  +0.046996  -0.017141  -0.040434  +0.035386  -0.019258
  [126] -0.047621  +0.000000  -0.011823  +0.075479  +0.044146  -0.100779
  [132] -0.067813  +0.013302  +0.084481  -0.040269  -0.050838  -0.047190
  [138] +0.040651  -0.028230  +0.037189  -0.010289  +0.021500  -0.111458
  [144] +0.009518  +0.098262  +0.014412  -0.028285  -0.001828  -0.006248
  [150] +0.001395  -0.064110  +0.104827  +0.052910  +0.096548  -0.058118
  [156] +0.040704  +0.042749  +0.015240  +0.060404  -0.007592  -0.001475
  [162] -0.007183  +0.017402  +0.047767  -0.027647  -0.050904  -0.087943
  [168] -0.018527  +0.079071  +0.073295  -0.038465  -0.077488  -0.049503
  [174] +0.058693  +0.047768  +0.017027  +0.003474  -0.043785  -0.077554
  [180] -0.044574  +0.006613  +0.029581  -0.086084  -0.085631  -0.061751
  [186] +0.017379  -0.032915  +0.041644  -0.093052  -0.106472  -0.014930
  [192] +0.014488  +0.035825  -0.041939  -0.055879  +0.066583  +0.009093
  [198] -0.102674  +0.033062  +0.038630  -0.028730  +0.032241  -0.026324
  [204] +0.087500  +0.121810  +0.048295  +0.077271  -0.064998  +0.025809
  [210] +0.016948  -0.036372  +0.028358  +0.004496  +0.067945  +0.111987
  [216] -0.041980  -0.037349  +0.033542  +0.016145  -0.000710  +0.037112
  [222] -0.007050  -0.000000  -0.050611  +0.008538  +0.055292  +0.069213
  [228] +0.068884  +0.006764  +0.129778  +0.018132  +0.064792  +0.034416
  [234] -0.027584  +0.028125  +0.073588  -0.030971  +0.007850  -0.018503
  [240] -0.018327  -0.042233  +0.053257  -0.084175  +0.021078  +0.025228
  [246] +0.045571  +0.029636  -0.020324  +0.015150  -0.056293  -0.005074
  [252] -0.107030  +0.018080  -0.019221  -0.028680  -0.119110  +0.007051
  [258] -0.037991  -0.080690  -0.028113  +0.055335  -0.052791  +0.048752
  [264] +0.021076  -0.019208  +0.050405  -0.044787  +0.034859  -0.101657
  [270] +0.017308  -0.026703  -0.012384  -0.065603  -0.029869  -0.024820
  [276] +0.024592  +0.045255  +0.021690  -0.026196  -0.007118  +0.020060
  [282] -0.003902  -0.006948  +0.052372  +0.083932  -0.042312  +0.084719
  [288] +0.016142  -0.034409  -0.004659  -0.028608  +0.035646  -0.067356
  [294] +0.037429  +0.058524  +0.067308  +0.051364  -0.009327  +0.034914
  [300] -0.025468  -0.009560  +0.042163  +0.038001  +0.024010  +0.097040
  [306] -0.089346  +0.031235  +0.036949  -0.023625  +0.036221  -0.055941
  [312] +0.033892  -0.000629  -0.096688  -0.012571  +0.101380  +0.076237
  [318] +0.028246  -0.000000  -0.053984  -0.020275  -0.051644  -0.010589
  [324] -0.007793  -0.054174  -0.002892  -0.058440  -0.006558  -0.004291
  [330] +0.125962  -0.001780  +0.004775  +0.026563  -0.050555  -0.062071
  [336] +0.030487  +0.040943  -0.037729  -0.018714  +0.056687  -0.006246
  [342] -0.057154  -0.004882  +0.050672  +0.026417  +0.044045  +0.022622
  [348] +0.027898  -0.008124  -0.014473  +0.028833  -0.000023  -0.018005
  [354] -0.116462  +0.100526  -0.005178  +0.058707  +0.033215  +0.088672
  [360] +0.021621  -0.121155  -0.017497  -0.068871  -0.060818  +0.063582
  [366] -0.039240  -0.078632  -0.004513  -0.037613  +0.040788  -0.015594
  [372] +0.038003  -0.015014  +0.033286  -0.026344  -0.064401  +0.000189
  [378] -0.021819  -0.107712  +0.071291  +0.005692  -0.001961  +0.085450

------------------------------------------------------------------------------
[C42]  PPCHF - min_sip - S07
------------------------------------------------------------------------------
  | Scheme: Parag Parikh Conservative Hybrid Fund (PPFAS Mutual Fund)
  | Topic: Min sip
  | Keywords: minimum sip monthly quarterly systematic investment plan smallest
  | Fact: The minimum SIP in Parag Parikh Conservative Hybrid Fund is Rs. 1,000 for a monthly SIP and Rs. 3,000 for a quarterly SIP.

  vector (384 dims, L2 norm 1.0000):
  [  0] +0.038188  -0.029935  -0.117427  -0.017963  -0.027837  +0.003245
  [  6] +0.023470  +0.088212  -0.007472  -0.013857  +0.021491  -0.031830
  [ 12] -0.038049  +0.029229  +0.036694  -0.031080  +0.001530  -0.099125
  [ 18] +0.093944  +0.016322  -0.002188  -0.040882  -0.020979  -0.065007
  [ 24] +0.062796  +0.013423  +0.083046  +0.027274  +0.066644  +0.026508
  [ 30] +0.050311  +0.108905  +0.052403  -0.054774  +0.052901  +0.077157
  [ 36] -0.050127  +0.016101  -0.009244  +0.018343  +0.038884  +0.041821
  [ 42] -0.026032  -0.052993  +0.015527  -0.012276  -0.012072  +0.077464
  [ 48] -0.036107  +0.000036  +0.038522  +0.036726  -0.004598  -0.009353
  [ 54] -0.037361  -0.097533  -0.027218  +0.026959  -0.030486  -0.015380
  [ 60] -0.020929  -0.018953  -0.023084  -0.035162  +0.021469  +0.050122
  [ 66] -0.007442  +0.003071  +0.027970  +0.001265  -0.072607  -0.004742
  [ 72] -0.021219  -0.066427  -0.068549  -0.008686  +0.020666  -0.005078
  [ 78] -0.059045  -0.043689  -0.004375  -0.031841  -0.001735  +0.011515
  [ 84] +0.003619  +0.000419  +0.026477  -0.070022  -0.037210  -0.061243
  [ 90] +0.065262  +0.074324  +0.012853  +0.032244  -0.041918  +0.028012
  [ 96] -0.116722  -0.158043  -0.035448  +0.028499  +0.023814  -0.008929
  [102] +0.008540  -0.024962  -0.051830  -0.015952  +0.009801  -0.032398
  [108] +0.053208  +0.072140  -0.064002  +0.098469  +0.065137  -0.003277
  [114] -0.065905  +0.041876  -0.073303  -0.043193  +0.115646  +0.042638
  [120] -0.034738  +0.021625  -0.034497  -0.022841  +0.010770  -0.000678
  [126] -0.045133  +0.000000  +0.007040  +0.058432  +0.048428  -0.097981
  [132] -0.069239  +0.012195  +0.055079  -0.102508  -0.046899  -0.021095
  [138] +0.056445  -0.019227  +0.007909  -0.012834  +0.003259  -0.132485
  [144] -0.006043  +0.120319  +0.033244  -0.023287  -0.022791  +0.067300
  [150] +0.006936  -0.079574  +0.124582  +0.042038  +0.095519  -0.042648
  [156] +0.044844  +0.040559  -0.024644  +0.021263  -0.043559  -0.001359
  [162] -0.000700  +0.005471  +0.029458  -0.075223  -0.065119  -0.063500
  [168] -0.016173  +0.066573  +0.050109  -0.043775  -0.053639  -0.031333
  [174] +0.063764  +0.046836  -0.022513  +0.005905  -0.080073  -0.026016
  [180] -0.057001  +0.023000  +0.008756  -0.092939  -0.074356  -0.044198
  [186] +0.027330  -0.038300  +0.030404  -0.065392  -0.143451  -0.008590
  [192] -0.007267  +0.064854  -0.074497  -0.022723  +0.092362  +0.048952
  [198] -0.068646  +0.026558  +0.032438  -0.028597  +0.042488  -0.017655
  [204] +0.123390  +0.125975  +0.080947  +0.063103  -0.062921  +0.038146
  [210] +0.020098  +0.008732  +0.004486  +0.019813  +0.070604  +0.078726
  [216] -0.066865  -0.071629  +0.020521  +0.008434  +0.019381  +0.050097
  [222] +0.038830  -0.000000  -0.063240  -0.007052  +0.067684  +0.054587
  [228] +0.057917  -0.003433  +0.092521  +0.000388  +0.076149  +0.029925
  [234] -0.027496  +0.032111  +0.069898  -0.045180  +0.002042  -0.028972
  [240] -0.009769  -0.038448  +0.082434  -0.040703  +0.027899  +0.004121
  [246] +0.013491  +0.038293  -0.003038  +0.005583  -0.005455  -0.015154
  [252] -0.095032  +0.005867  +0.004378  -0.031150  -0.127266  +0.020608
  [258] -0.045958  -0.079795  -0.019361  +0.066316  -0.048108  +0.065272
  [264] +0.015895  -0.025844  +0.076920  -0.058428  +0.006131  -0.083697
  [270] -0.005667  -0.021714  +0.006235  -0.091976  -0.021186  +0.005333
  [276] +0.046240  +0.026111  +0.001278  -0.075969  +0.020842  +0.028129
  [282] +0.033600  -0.012835  +0.034109  +0.064967  -0.043856  +0.096880
  [288] -0.015774  -0.006590  -0.010569  -0.033209  +0.033493  -0.067758
  [294] +0.031101  +0.084060  +0.106469  +0.081578  -0.010658  +0.024112
  [300] -0.009260  +0.000461  +0.063792  +0.069628  +0.054346  +0.081160
  [306] -0.089270  +0.031109  +0.046085  -0.007293  +0.033725  -0.037166
  [312] +0.014107  -0.003299  -0.088555  -0.035898  +0.093561  +0.061978
  [318] +0.001095  -0.000000  -0.043717  -0.037140  -0.018976  -0.017900
  [324] -0.002234  -0.046576  -0.012709  -0.106781  +0.018292  +0.003956
  [330] +0.101024  -0.017598  +0.008783  +0.009381  -0.063697  -0.049915
  [336] +0.021814  -0.007997  -0.025467  -0.025176  +0.007267  +0.008527
  [342] -0.050704  -0.006851  +0.038384  +0.035677  +0.046664  +0.005620
  [348] +0.013088  +0.009963  -0.021075  +0.037525  -0.016969  -0.007007
  [354] -0.123382  +0.104479  +0.046421  +0.056484  -0.008250  +0.059915
  [360] +0.010980  -0.126013  -0.020549  -0.078827  -0.049343  +0.056462
  [366] -0.018059  -0.060848  +0.004350  -0.048735  +0.052419  +0.011752
  [372] +0.008799  -0.011702  +0.010960  +0.010117  -0.058785  -0.007576
  [378] -0.059766  -0.083890  +0.071453  -0.013921  +0.001213  +0.089634

------------------------------------------------------------------------------
[C43]  PPDAAF - min_sip - S04
------------------------------------------------------------------------------
  | Scheme: Parag Parikh Dynamic Asset Allocation Fund (PPFAS Mutual Fund)
  | Topic: Min sip
  | Keywords: minimum sip monthly quarterly systematic investment plan smallest
  | Fact: The minimum SIP in Parag Parikh Dynamic Asset Allocation Fund is Rs. 1,000 for a monthly SIP and Rs. 3,000 for a quarterly SIP.

  vector (384 dims, L2 norm 1.0000):
  [  0] +0.025142  -0.023787  -0.112562  -0.008167  -0.028544  +0.001414
  [  6] +0.060840  +0.087018  +0.008307  -0.008740  +0.008599  -0.028316
  [ 12] -0.027662  +0.046167  +0.031064  -0.020257  +0.002021  -0.095624
  [ 18] +0.104828  +0.013159  +0.037557  -0.026275  -0.026228  -0.071420
  [ 24] +0.054339  +0.017795  +0.086475  +0.016258  +0.071825  +0.029373
  [ 30] +0.049896  +0.121363  +0.074808  -0.055574  +0.052602  +0.090675
  [ 36] -0.047907  +0.015895  -0.026718  +0.007860  +0.056557  +0.043571
  [ 42] -0.023069  -0.062955  +0.023338  -0.021755  +0.000469  +0.090221
  [ 48] -0.048959  -0.001718  +0.029626  +0.035514  -0.005002  +0.003534
  [ 54] -0.046005  -0.070665  -0.026426  +0.029913  -0.026012  -0.017038
  [ 60] -0.024225  -0.020259  -0.004813  -0.024206  +0.034550  +0.072279
  [ 66] +0.010102  +0.015227  +0.014381  +0.000366  -0.064424  -0.005458
  [ 72] -0.018937  -0.071075  -0.072504  +0.003797  +0.005504  -0.026337
  [ 78] -0.063836  -0.025454  +0.000591  -0.051820  -0.002248  +0.013821
  [ 84] -0.003452  +0.014688  +0.023760  -0.082716  -0.026774  -0.051402
  [ 90] +0.056217  +0.038224  +0.029115  +0.050557  -0.021467  +0.031690
  [ 96] -0.113303  -0.152044  -0.034689  +0.024129  +0.004449  +0.002326
  [102] -0.008127  -0.025450  -0.061117  -0.011753  +0.016841  -0.037186
  [108] +0.038524  +0.061520  -0.054639  +0.110367  +0.054998  -0.018702
  [114] -0.048318  +0.053447  -0.077029  -0.037148  +0.093847  +0.017721
  [120] -0.017239  +0.024190  -0.037070  -0.006248  +0.015706  -0.007867
  [126] -0.061996  +0.000000  -0.003987  +0.046130  +0.062965  -0.084868
  [132] -0.091881  +0.006068  +0.052379  -0.097440  -0.048372  -0.021174
  [138] +0.063131  -0.001252  +0.006350  -0.001856  +0.028887  -0.122207
  [144] +0.000808  +0.155347  +0.056559  -0.024086  -0.022137  +0.066862
  [150] +0.008722  -0.100008  +0.129529  +0.071313  +0.082826  -0.050796
  [156] +0.054392  +0.041359  -0.010047  +0.011744  -0.043234  -0.008049
  [162] -0.012585  -0.003699  -0.006658  -0.056078  -0.058524  -0.071178
  [168] -0.006580  +0.052731  +0.026540  -0.046530  -0.076527  -0.044890
  [174] +0.069426  +0.046157  -0.031044  +0.009334  -0.068238  -0.046718
  [180] -0.051870  +0.026897  +0.016010  -0.092601  -0.069110  -0.053781
  [186] +0.022351  -0.033212  +0.036897  -0.080260  -0.142600  -0.018847
  [192] -0.000421  +0.066064  -0.049958  -0.015266  +0.084664  +0.032656
  [198] -0.075695  +0.018876  +0.029616  -0.003965  +0.029464  -0.024066
  [204] +0.124489  +0.132478  +0.036247  +0.076631  -0.071786  +0.037188
  [210] +0.028931  +0.006188  -0.004477  +0.029795  +0.078239  +0.048271
  [216] -0.082583  -0.057591  +0.027170  +0.017184  +0.002449  +0.062521
  [222] +0.028310  -0.000000  -0.056631  -0.016902  +0.044014  +0.049269
  [228] +0.065536  -0.025555  +0.102621  +0.001146  +0.072700  +0.006963
  [234] -0.058110  +0.031868  +0.043182  -0.046790  +0.021198  -0.008970
  [240] -0.012239  -0.041935  +0.078273  -0.058468  +0.022885  +0.012688
  [246] +0.049138  +0.008423  -0.011360  +0.029758  -0.009860  -0.007066
  [252] -0.088365  +0.011532  -0.023038  -0.031953  -0.123553  +0.026347
  [258] -0.048678  -0.069997  -0.015827  +0.042800  -0.033298  +0.066385
  [264] +0.005985  -0.021974  +0.064405  -0.042547  +0.013905  -0.085352
  [270] +0.028849  -0.007222  +0.023605  -0.105262  -0.014933  +0.020580
  [276] +0.031900  +0.030394  +0.010113  -0.047899  +0.006726  +0.020464
  [282] +0.060103  -0.004926  +0.047228  +0.066527  -0.043319  +0.093311
  [288] -0.026468  -0.010523  -0.013770  -0.061476  +0.014708  -0.061400
  [294] +0.043717  +0.071793  +0.080328  +0.090068  -0.011608  +0.035871
  [300] -0.022086  +0.018105  +0.056419  +0.047435  +0.020091  +0.083429
  [306] -0.106059  +0.036662  +0.048778  -0.014793  +0.046620  -0.037533
  [312] +0.010607  +0.010240  -0.101204  -0.030295  +0.097609  +0.077884
  [318] -0.006319  -0.000000  -0.063658  -0.041544  -0.003014  -0.031124
  [324] -0.008929  -0.058083  -0.004956  -0.081732  +0.028990  +0.000622
  [330] +0.109558  -0.037438  +0.010789  +0.027928  -0.069685  -0.055502
  [336] -0.012958  -0.005801  -0.041810  -0.037875  +0.037815  -0.002456
  [342] -0.050724  -0.017648  +0.034542  +0.021842  +0.036832  -0.004371
  [348] +0.005946  +0.020699  -0.029319  +0.039033  +0.016119  -0.013511
  [354] -0.101343  +0.109471  +0.032120  +0.049658  -0.025514  +0.069483
  [360] -0.014429  -0.117941  -0.012460  -0.064669  -0.036578  +0.053280
  [366] -0.017059  -0.051731  +0.012944  -0.060437  +0.051303  +0.000707
  [372] -0.010033  -0.004663  +0.018930  +0.013669  -0.035448  -0.013812
  [378] -0.041762  -0.080127  +0.059230  -0.010980  -0.033382  +0.085807

------------------------------------------------------------------------------
[C44]  PPLF - min_sip - S05
------------------------------------------------------------------------------
  | Scheme: Parag Parikh Liquid Fund (PPFAS Mutual Fund)
  | Topic: Min sip
  | Keywords: minimum sip monthly quarterly systematic investment plan smallest
  | Fact: The minimum SIP in Parag Parikh Liquid Fund is Rs. 1,000 for a monthly SIP and Rs. 3,000 for a quarterly SIP.

  vector (384 dims, L2 norm 1.0000):
  [  0] +0.020839  -0.028932  -0.104261  -0.022302  -0.029575  +0.003692
  [  6] +0.032805  +0.102149  -0.010515  -0.028918  +0.009203  -0.051672
  [ 12] -0.054860  +0.043883  +0.033116  -0.046393  -0.012267  -0.095011
  [ 18] +0.105674  -0.001493  +0.036572  -0.035915  -0.042690  -0.058896
  [ 24] +0.052581  +0.024127  +0.107383  +0.028940  +0.070828  +0.028197
  [ 30] +0.036201  +0.110655  +0.060946  -0.073909  +0.069337  +0.077578
  [ 36] -0.044486  +0.018455  -0.020665  +0.009779  +0.051252  +0.047322
  [ 42] -0.004858  -0.043667  +0.024430  -0.012668  +0.015627  +0.079029
  [ 48] -0.051323  +0.017329  +0.021995  +0.032209  -0.007436  +0.003410
  [ 54] -0.049299  -0.099092  -0.017146  +0.013084  -0.025540  -0.006673
  [ 60] -0.022010  -0.009875  -0.027822  -0.029106  +0.024606  +0.061530
  [ 66] -0.010011  +0.006324  -0.000295  +0.015325  -0.060799  -0.016223
  [ 72] -0.015552  -0.041094  -0.079650  -0.017308  +0.001255  -0.028997
  [ 78] -0.081762  -0.006414  +0.006191  -0.039106  -0.003857  +0.043922
  [ 84] -0.023599  -0.001517  +0.036971  -0.083556  -0.021239  -0.052940
  [ 90] +0.079058  +0.070297  +0.013615  +0.034748  -0.022642  +0.048470
  [ 96] -0.118343  -0.145694  -0.016884  +0.017487  +0.021473  -0.002174
  [102] -0.005302  -0.029254  -0.040131  -0.003634  +0.023676  -0.037609
  [108] +0.061592  +0.070675  -0.057016  +0.087227  +0.055636  -0.014938
  [114] -0.044547  +0.059981  -0.075792  -0.037511  +0.096268  +0.041146
  [120] -0.020386  +0.041031  -0.041036  -0.016944  +0.018103  -0.000143
  [126] -0.054847  +0.000000  +0.006390  +0.046476  +0.057762  -0.083744
  [132] -0.079177  +0.025806  +0.044443  -0.107995  -0.038288  -0.012660
  [138] +0.056171  -0.020123  -0.009848  -0.018400  -0.005183  -0.125548
  [144] +0.023289  +0.127180  +0.031038  -0.014761  -0.029848  +0.043690
  [150] -0.003881  -0.089558  +0.108553  +0.066925  +0.072375  -0.043083
  [156] +0.062688  +0.028783  -0.020167  +0.031607  -0.033070  +0.004875
  [162] -0.029414  -0.000079  +0.023451  -0.071502  -0.048954  -0.065709
  [168] -0.016119  +0.079003  +0.046650  -0.032627  -0.064128  -0.040603
  [174] +0.045288  +0.024050  -0.011560  -0.022302  -0.063712  -0.046449
  [180] -0.061928  +0.022051  +0.010571  -0.095563  -0.069002  -0.043612
  [186] +0.017539  -0.029364  +0.031930  -0.069689  -0.138404  -0.009696
  [192] -0.001150  +0.072982  -0.054676  -0.025547  +0.085773  +0.011908
  [198] -0.098251  +0.028927  +0.027331  -0.027957  +0.038878  -0.024313
  [204] +0.137268  +0.124378  +0.074953  +0.063466  -0.058741  +0.006832
  [210] +0.034574  +0.010601  +0.013012  +0.025988  +0.050258  +0.079101
  [216] -0.055060  -0.051612  -0.002174  +0.006994  +0.002713  +0.063393
  [222] +0.029876  -0.000000  -0.072964  -0.011643  +0.044852  +0.067701
  [228] +0.068775  +0.002295  +0.109154  +0.008777  +0.097678  +0.026072
  [234] -0.042511  +0.039839  +0.062698  -0.044676  +0.005913  -0.003625
  [240] -0.006747  -0.028748  +0.084398  -0.069656  +0.016207  +0.006000
  [246] +0.030054  +0.033048  -0.014319  +0.020434  -0.013754  -0.011817
  [252] -0.095867  +0.028568  -0.001325  -0.028446  -0.101754  +0.013830
  [258] -0.055014  -0.063544  -0.007638  +0.050928  -0.053970  +0.072946
  [264] +0.011428  -0.027398  +0.069928  -0.050276  +0.006166  -0.067594
  [270] +0.034827  -0.045146  +0.021268  -0.100223  -0.031351  +0.002534
  [276] +0.038677  +0.019476  +0.006950  -0.060141  +0.001248  +0.019740
  [282] +0.042466  -0.008583  +0.040977  +0.085253  -0.058296  +0.088222
  [288] -0.012358  -0.000943  -0.001700  -0.031199  +0.021044  -0.078574
  [294] +0.059307  +0.071653  +0.100900  +0.070400  -0.007380  +0.021842
  [300] -0.023286  +0.015172  +0.036995  +0.057992  +0.057794  +0.107344
  [306] -0.103661  +0.034742  +0.051979  -0.030105  +0.059574  -0.035461
  [312] +0.001743  +0.018278  -0.103179  -0.037942  +0.096916  +0.060448
  [318] +0.003320  -0.000000  -0.058908  -0.039287  -0.009055  -0.024694
  [324] -0.009512  -0.047210  -0.010453  -0.067723  +0.033316  +0.001579
  [330] +0.091355  -0.020611  +0.011591  +0.017667  -0.059131  -0.049582
  [336] +0.001706  -0.014509  -0.035751  -0.018237  +0.029261  +0.003139
  [342] -0.055079  -0.028665  +0.026197  +0.027508  +0.046515  +0.019063
  [348] +0.010057  +0.008106  -0.032052  +0.038312  +0.013120  +0.002276
  [354] -0.113997  +0.093962  +0.033998  +0.045481  -0.011160  +0.053070
  [360] -0.020138  -0.130435  -0.026988  -0.071697  -0.036798  +0.049674
  [366] -0.025729  -0.054808  +0.007065  -0.062769  +0.049556  +0.012201
  [372] +0.004211  -0.006414  +0.020433  +0.009979  -0.066858  +0.012470
  [378] -0.056179  -0.094900  +0.065557  -0.018615  -0.004914  +0.078647

------------------------------------------------------------------------------
[C50]  PPFCF - riskometer - S01
------------------------------------------------------------------------------
  | Scheme: Parag Parikh Flexi Cap Fund (PPFAS Mutual Fund)
  | Topic: Riskometer
  | Keywords: riskometer risk o meter risk level how risky product label
  | Fact: The scheme riskometer for Parag Parikh Flexi Cap Fund reads Very High Risk, as on August 31, 2026. The riskometer is a SEBI-mandated risk label and is re-evaluated by the AMC every month.

  vector (384 dims, L2 norm 1.0000):
  [  0] +0.009043  -0.068600  -0.130594  +0.027051  +0.102269  +0.027687
  [  6] +0.045234  +0.101050  -0.016808  -0.035558  +0.040865  -0.026563
  [ 12] -0.007492  +0.000284  -0.013429  +0.001091  -0.036209  -0.063372
  [ 18] +0.087871  +0.031719  +0.014185  -0.009702  -0.020800  -0.027247
  [ 24] -0.042507  +0.002955  +0.027271  +0.091417  +0.014428  +0.025618
  [ 30] -0.040108  +0.067075  +0.024220  -0.041436  +0.014773  +0.091109
  [ 36] -0.063119  -0.034311  +0.037860  +0.046594  +0.055150  +0.003507
  [ 42] -0.002848  -0.007415  +0.026595  -0.004574  +0.036443  -0.020136
  [ 48] -0.071483  +0.057833  +0.009527  -0.020056  +0.017229  -0.059183
  [ 54] -0.011403  +0.018503  -0.074089  -0.071830  -0.026475  -0.022868
  [ 60] -0.024225  -0.015168  -0.009695  -0.009161  +0.050871  +0.046650
  [ 66] -0.007219  +0.056058  +0.013388  -0.011851  -0.057497  -0.011514
  [ 72] -0.035722  -0.044306  -0.056841  +0.046638  -0.015860  -0.019369
  [ 78] +0.002758  -0.044552  -0.014003  -0.070863  +0.106003  +0.022669
  [ 84] +0.032107  +0.045957  +0.052019  -0.074822  -0.004962  -0.046450
  [ 90] +0.059211  -0.021268  +0.004439  +0.087686  -0.028695  +0.037952
  [ 96] -0.146714  -0.128623  -0.025142  +0.026009  -0.016161  -0.003907
  [102] -0.049164  +0.019833  -0.070122  -0.041701  -0.003883  -0.034773
  [108] +0.046878  +0.051715  -0.002868  +0.119302  +0.021591  -0.019717
  [114] -0.051424  +0.053371  -0.138720  +0.015393  +0.083217  -0.020672
  [120] -0.035984  -0.013647  -0.004601  +0.017407  +0.000968  +0.021013
  [126] -0.032260  +0.000000  -0.000347  +0.037341  +0.090860  -0.098398
  [132] -0.087674  +0.004947  -0.005292  -0.076356  -0.057871  +0.009651
  [138] +0.038258  +0.060178  -0.004188  -0.005563  +0.005054  -0.096556
  [144] +0.006295  +0.083992  +0.021346  -0.070684  -0.002066  -0.018107
  [150] +0.004408  -0.071319  +0.092623  +0.090134  +0.070653  +0.020207
  [156] +0.024685  +0.044081  -0.030277  +0.041758  -0.049164  -0.079309
  [162] +0.013837  -0.006631  -0.073099  -0.054456  -0.090947  -0.028613
  [168] +0.003634  +0.019874  +0.045299  -0.017595  -0.011062  -0.050757
  [174] -0.005914  +0.016049  +0.049895  -0.013103  -0.133106  -0.074469
  [180] -0.043773  -0.004850  -0.023111  -0.051485  -0.046693  -0.010833
  [186] +0.003189  -0.019079  +0.007077  -0.076539  -0.083885  -0.074974
  [192] -0.027757  +0.136941  -0.032458  -0.019190  +0.084133  +0.081612
  [198] -0.055876  +0.054553  -0.037804  -0.018429  -0.017127  -0.017171
  [204] +0.012624  +0.141989  +0.091466  +0.058789  -0.073574  -0.007280
  [210] +0.082179  +0.024800  -0.014431  -0.010186  +0.033249  +0.029093
  [216] -0.072656  -0.009686  +0.063905  +0.029913  +0.041629  +0.020562
  [222] -0.038701  -0.000000  -0.084443  -0.036003  -0.010597  +0.051719
  [228] +0.059401  -0.070580  +0.056494  +0.027625  +0.068883  +0.045813
  [234] -0.019133  +0.037450  -0.016377  -0.040642  +0.032664  +0.013977
  [240] -0.047896  -0.010146  -0.016700  -0.075452  +0.039359  +0.003132
  [246] +0.025174  -0.007569  -0.007793  +0.018744  +0.057050  -0.038783
  [252] -0.066870  +0.019587  -0.076760  -0.002805  -0.003180  +0.106345
  [258] -0.024261  -0.056396  +0.007898  -0.052138  -0.028783  +0.064590
  [264] -0.048661  +0.075932  +0.044870  -0.034403  -0.014097  -0.010984
  [270] +0.036294  -0.026075  +0.030690  -0.016225  -0.026741  +0.041308
  [276] +0.055866  -0.002387  -0.038446  -0.053512  -0.036748  -0.012651
  [282] -0.043117  +0.065752  +0.083216  +0.071226  -0.003749  +0.135700
  [288] +0.043047  +0.002352  +0.005745  -0.106959  +0.003274  +0.021882
  [294] +0.115619  +0.044107  -0.013734  +0.065343  -0.045715  -0.025579
  [300] -0.001060  +0.104018  -0.022677  +0.015764  +0.096839  +0.006926
  [306] -0.074895  +0.097354  +0.017114  +0.024350  +0.031867  +0.037116
  [312] +0.009693  +0.036990  -0.052448  -0.015254  +0.017593  +0.124635
  [318] +0.020766  -0.000000  -0.040853  -0.031529  +0.019492  -0.024001
  [324] +0.007202  +0.030467  -0.016592  -0.063274  -0.040009  -0.028010
  [330] +0.099026  +0.045716  -0.027343  -0.025005  -0.030410  -0.029972
  [336] -0.017637  +0.049390  -0.025991  +0.029584  +0.036051  +0.036192
  [342] +0.001620  -0.048858  +0.032139  +0.032460  -0.010634  +0.087358
  [348] +0.023151  +0.019340  +0.040141  -0.053598  +0.020241  -0.021796
  [354] -0.098425  +0.179515  +0.033217  +0.012923  +0.043879  +0.122923
  [360] +0.009856  -0.058810  +0.047692  +0.012659  +0.016484  +0.014695
  [366] -0.031943  -0.066115  +0.053939  -0.037223  -0.051158  -0.023628
  [372] -0.034173  +0.021287  -0.049205  +0.012034  -0.044985  -0.024044
  [378] -0.060767  -0.032632  +0.101416  -0.085040  -0.011898  +0.045462

------------------------------------------------------------------------------
[C51]  PPTSF - riskometer - S02
------------------------------------------------------------------------------
  | Scheme: Parag Parikh ELSS Tax Saver Fund (PPFAS Mutual Fund)
  | Topic: Riskometer
  | Keywords: riskometer risk o meter risk level how risky product label
  | Fact: The scheme riskometer for Parag Parikh ELSS Tax Saver Fund reads Very High Risk, as on August 31, 2026. The riskometer is a SEBI-mandated risk label and is re-evaluated by the AMC every month.

  vector (384 dims, L2 norm 1.0000):
  [  0] -0.000199  -0.053969  -0.122614  +0.010341  +0.098753  +0.046404
  [  6] +0.054063  +0.062420  -0.008082  -0.009777  +0.035413  -0.019810
  [ 12] +0.016933  -0.047888  -0.018599  +0.022980  -0.030423  -0.070563
  [ 18] +0.082506  -0.000076  +0.042540  -0.018814  -0.044989  +0.005295
  [ 24] -0.004469  -0.032342  +0.039332  +0.078639  +0.020896  +0.013478
  [ 30] +0.007024  +0.032788  -0.009360  -0.040350  -0.003729  +0.094645
  [ 36] -0.058402  -0.013275  +0.017651  +0.055256  +0.040003  -0.012437
  [ 42] -0.033267  -0.031544  -0.005919  -0.007460  +0.041156  -0.034513
  [ 48] -0.098716  +0.070370  +0.010875  -0.018409  -0.004065  -0.052824
  [ 54] +0.000845  -0.055348  -0.068280  -0.023983  -0.053010  -0.041003
  [ 60] -0.041626  -0.019802  -0.009046  -0.026120  +0.011557  +0.054763
  [ 66] +0.002040  +0.054733  +0.003775  -0.014043  -0.058930  -0.020507
  [ 72] -0.016755  -0.026125  -0.064361  +0.040969  +0.021292  -0.022807
  [ 78] -0.026867  -0.087362  +0.019178  -0.011559  +0.073675  +0.024058
  [ 84] +0.040386  +0.026475  +0.078271  -0.096233  +0.036385  -0.057677
  [ 90] +0.063709  -0.032279  -0.008798  +0.078403  -0.044181  +0.023344
  [ 96] -0.137367  -0.119192  -0.026289  +0.008412  +0.012770  +0.021310
  [102] -0.013039  +0.011089  -0.070916  -0.034403  +0.016254  +0.003618
  [108] +0.037255  +0.057667  +0.007856  +0.139285  +0.027802  -0.005519
  [114] -0.032472  +0.058977  -0.138326  -0.006802  +0.083433  -0.038736
  [120] +0.013574  +0.002909  +0.015129  +0.005030  +0.017349  -0.004620
  [126] -0.005411  +0.000000  -0.034411  +0.048600  +0.093493  -0.107558
  [132] -0.091174  +0.008502  +0.022551  -0.024163  -0.028226  -0.018027
  [138] -0.000616  +0.025328  +0.009487  +0.014216  +0.000599  -0.094865
  [144] -0.024117  +0.045187  +0.009398  -0.063350  +0.019489  -0.033711
  [150] -0.019814  -0.073146  +0.059177  +0.071028  +0.097171  +0.001425
  [156] -0.023222  +0.042279  +0.000348  +0.052875  -0.022642  -0.057439
  [162] +0.012820  +0.010626  -0.023799  -0.016443  -0.052030  -0.074913
  [168] +0.003484  +0.028926  +0.079821  +0.017903  -0.028143  -0.080574
  [174] -0.010338  +0.025252  +0.048369  +0.008754  -0.092544  -0.110271
  [180] +0.000452  -0.018877  -0.018907  -0.055690  -0.066160  -0.046788
  [186] -0.023604  -0.046918  +0.045605  -0.066469  -0.069242  -0.089962
  [192] -0.034028  +0.055841  -0.011305  -0.061527  +0.050117  +0.060045
  [198] -0.083120  +0.071467  -0.019340  -0.039739  -0.004197  -0.027497
  [204] -0.036444  +0.129376  +0.081880  +0.059002  -0.070446  -0.026049
  [210] +0.061219  -0.023766  -0.008653  -0.009961  +0.056306  +0.051093
  [216] -0.050983  -0.006815  +0.084021  +0.037028  +0.046521  +0.032681
  [222] -0.043732  -0.000000  -0.096924  -0.009745  +0.017268  +0.112998
  [228] +0.056365  -0.052269  +0.101891  +0.029552  +0.058296  +0.068641
  [234] -0.006378  +0.042684  +0.017534  -0.055866  +0.093214  -0.001866
  [240] -0.065078  -0.003058  -0.039200  -0.091435  +0.025801  +0.050721
  [246] +0.009069  -0.012762  -0.030164  +0.023282  +0.035046  -0.014250
  [252] -0.056314  +0.022860  -0.077523  +0.001554  -0.010517  +0.069005
  [258] -0.025481  -0.059804  +0.018272  -0.054079  -0.065228  +0.054782
  [264] -0.047964  +0.089959  +0.023738  -0.020718  +0.020808  -0.015621
  [270] +0.036095  +0.018134  +0.040261  +0.012804  -0.009359  +0.022578
  [276] +0.028660  +0.014043  -0.017131  -0.019199  -0.072461  -0.004223
  [282] -0.070391  +0.078127  +0.058434  +0.084929  +0.026086  +0.114200
  [288] +0.045545  -0.027655  +0.003827  -0.054798  +0.039337  +0.008389
  [294] +0.072780  +0.053973  -0.058031  +0.012142  -0.032844  -0.043506
  [300] -0.013173  +0.086582  -0.034303  +0.009431  +0.117536  +0.021232
  [306] -0.046081  +0.074514  +0.016263  +0.029854  -0.005231  +0.007297
  [312] +0.015909  +0.018020  -0.054183  -0.006518  +0.027661  +0.112131
  [318] +0.039438  -0.000000  -0.046683  -0.004718  -0.008749  -0.010547
  [324] -0.021382  -0.028521  -0.016149  -0.024269  -0.038225  -0.001571
  [330] +0.143289  +0.040900  -0.039107  -0.006387  -0.007235  -0.067758
  [336] +0.021043  +0.083000  -0.035240  +0.035372  +0.088195  +0.010035
  [342] -0.030928  -0.046471  +0.068800  +0.030700  +0.009302  +0.070890
  [348] +0.041482  +0.016219  +0.059230  -0.044219  +0.008842  -0.012652
  [354] -0.111428  +0.174051  +0.007035  +0.043651  +0.111266  +0.125114
  [360] +0.019259  -0.078983  +0.020882  +0.020214  -0.004400  +0.030716
  [366] -0.035210  -0.100612  +0.017511  -0.027221  -0.043969  -0.039450
  [372] +0.007952  +0.000876  -0.022722  -0.051311  -0.075728  -0.026833
  [378] -0.009310  -0.060914  +0.117575  -0.057494  -0.018712  +0.065487

------------------------------------------------------------------------------
[C52]  PPCHF - riskometer - S03
------------------------------------------------------------------------------
  | Scheme: Parag Parikh Conservative Hybrid Fund (PPFAS Mutual Fund)
  | Topic: Riskometer
  | Keywords: riskometer risk o meter risk level how risky product label
  | Fact: The scheme riskometer for Parag Parikh Conservative Hybrid Fund reads Moderately High Risk, as on August 31, 2026. The riskometer is a SEBI-mandated risk label and is re-evaluated by the AMC every month.

  vector (384 dims, L2 norm 1.0000):
  [  0] +0.022413  -0.069767  -0.152835  +0.021821  +0.064188  +0.031929
  [  6] +0.034902  +0.086226  -0.019572  -0.038052  +0.037807  -0.002873
  [ 12] +0.007545  -0.016478  -0.003024  +0.009585  +0.003561  -0.070003
  [ 18] +0.092509  +0.034542  -0.029802  -0.020521  -0.034322  -0.019303
  [ 24] +0.001638  +0.011303  +0.042173  +0.077182  +0.012900  +0.028368
  [ 30] -0.034490  +0.045000  +0.003614  -0.013691  +0.014795  +0.077148
  [ 36] -0.078853  -0.026176  +0.017354  +0.059458  +0.054281  +0.009745
  [ 42] -0.014193  -0.009209  +0.023580  +0.021442  +0.030447  -0.008689
  [ 48] -0.080480  +0.040880  +0.002940  -0.009236  -0.007372  -0.044943
  [ 54] +0.002544  -0.030758  -0.058406  -0.050488  -0.045474  -0.037872
  [ 60] -0.035599  +0.006429  -0.024514  -0.019186  +0.030717  +0.017248
  [ 66] -0.010185  +0.054657  +0.045704  -0.027965  -0.069077  +0.001136
  [ 72] -0.022072  -0.042259  -0.054232  +0.035035  +0.002846  -0.016575
  [ 78] +0.007295  -0.119944  +0.001445  -0.023829  +0.096795  +0.007164
  [ 84] +0.043864  +0.035027  +0.055096  -0.043637  -0.013818  -0.078675
  [ 90] +0.072309  -0.007128  +0.004141  +0.072184  -0.030879  +0.026722
  [ 96] -0.141595  -0.160552  -0.030691  +0.020871  +0.005989  -0.005019
  [102] +0.002172  +0.033990  -0.080664  -0.037331  +0.000719  -0.011680
  [108] +0.047961  +0.059172  -0.030358  +0.135954  +0.050629  -0.013679
  [114] -0.065814  +0.039809  -0.127894  -0.012097  +0.094273  +0.006809
  [120] -0.025300  -0.032179  -0.006073  +0.023366  +0.007719  +0.026283
  [126] -0.002806  +0.000000  -0.013673  +0.023382  +0.102199  -0.109662
  [132] -0.103514  +0.010001  +0.010265  -0.093203  -0.032984  -0.002991
  [138] +0.018512  +0.038096  -0.018529  +0.012853  -0.011803  -0.104186
  [144] -0.030453  +0.073875  +0.035092  -0.062302  +0.007142  +0.034510
  [150] -0.022076  -0.068406  +0.090669  +0.056751  +0.108702  +0.017429
  [156] -0.025029  +0.045463  -0.023579  +0.003703  -0.062494  -0.057225
  [162] +0.028475  +0.009261  -0.052029  -0.049243  -0.082920  -0.037217
  [168] +0.001439  +0.010881  +0.058192  -0.017492  -0.014743  -0.045760
  [174] -0.002658  +0.034586  +0.027647  +0.012977  -0.128331  -0.068440
  [180] -0.009411  -0.002204  -0.031305  -0.064847  -0.064256  -0.027740
  [186] -0.000739  -0.042802  +0.030051  -0.050249  -0.111951  -0.078131
  [192] -0.057059  +0.094063  -0.052554  -0.015717  +0.082063  +0.099023
  [198] -0.056563  +0.052257  -0.023182  -0.048315  +0.000604  -0.030886
  [204] +0.006367  +0.146100  +0.105270  +0.054888  -0.077420  -0.003265
  [210] +0.065035  +0.016122  -0.035851  +0.005569  +0.065497  +0.030364
  [216] -0.099734  -0.037436  +0.084429  +0.028201  +0.066595  +0.045886
  [222] +0.004122  -0.000000  -0.102493  -0.013031  +0.029475  +0.080680
  [228] +0.049365  -0.061948  +0.056687  +0.021782  +0.061783  +0.067925
  [234] -0.003888  +0.037014  +0.025671  -0.074613  +0.046214  -0.011959
  [240] -0.058403  -0.001466  -0.001570  -0.048025  +0.024810  +0.027406
  [246] -0.012924  -0.004381  -0.017346  +0.012354  +0.070821  -0.022561
  [252] -0.050859  +0.004682  -0.032801  -0.010545  -0.021219  +0.100833
  [258] -0.031424  -0.063243  +0.012840  -0.019496  -0.063830  +0.065674
  [264] -0.041039  +0.072928  +0.044036  -0.030522  -0.004001  +0.005388
  [270] +0.000923  -0.001089  +0.043435  -0.019890  -0.006985  +0.049520
  [276] +0.061344  +0.006628  -0.030487  -0.071688  -0.018569  +0.017008
  [282] -0.038689  +0.061423  +0.049835  +0.070339  +0.015705  +0.125231
  [288] +0.025139  -0.003512  -0.004319  -0.062987  +0.022741  +0.021087
  [294] +0.048704  +0.078078  -0.017281  +0.038781  -0.026584  -0.036235
  [300] +0.024424  +0.082209  -0.010536  +0.033401  +0.129665  -0.007518
  [306] -0.046189  +0.082821  +0.001812  +0.035294  -0.001350  +0.017166
  [312] +0.007783  +0.016592  -0.048571  -0.028425  +0.008095  +0.112332
  [318] +0.024211  -0.000000  -0.033155  -0.024899  +0.016744  -0.020040
  [324] -0.019755  -0.012017  -0.018517  -0.074097  -0.013995  -0.002780
  [330] +0.117902  +0.024305  -0.023019  -0.031124  -0.017291  -0.046737
  [336] +0.009207  +0.026894  -0.019913  +0.031079  +0.023740  +0.014237
  [342] -0.027473  -0.034618  +0.060414  +0.042764  +0.019640  +0.035821
  [348] +0.037914  +0.026661  +0.051228  -0.030464  -0.023106  -0.010577
  [354] -0.125058  +0.182259  +0.047211  +0.045538  +0.056673  +0.102070
  [360] +0.012531  -0.081681  +0.028786  -0.002057  +0.001562  +0.015801
  [366] -0.021146  -0.083083  +0.035965  -0.036659  -0.027631  -0.020296
  [372] -0.012827  -0.003409  -0.041344  -0.011996  -0.055010  -0.039673
  [378] -0.050876  -0.050388  +0.119096  -0.078975  +0.005157  +0.082169

------------------------------------------------------------------------------
[C53]  PPDAAF - riskometer - S04
------------------------------------------------------------------------------
  | Scheme: Parag Parikh Dynamic Asset Allocation Fund (PPFAS Mutual Fund)
  | Topic: Riskometer
  | Keywords: riskometer risk o meter risk level how risky product label
  | Fact: The scheme riskometer for Parag Parikh Dynamic Asset Allocation Fund reads Moderately High Risk, as on August 31, 2026. The riskometer is a SEBI-mandated risk label and is re-evaluated by the AMC every month.

  vector (384 dims, L2 norm 1.0000):
  [  0] +0.006725  -0.069056  -0.139390  +0.043279  +0.049034  +0.030754
  [  6] +0.071257  +0.075634  -0.000416  -0.048337  +0.016553  -0.001392
  [ 12] +0.024129  -0.003498  -0.014227  +0.020372  +0.009559  -0.055795
  [ 18] +0.108573  +0.022291  +0.013657  -0.004128  -0.041645  -0.028297
  [ 24] -0.020834  +0.004823  +0.046129  +0.064381  +0.021522  +0.033367
  [ 30] -0.022200  +0.053427  +0.020339  -0.013607  +0.006599  +0.086064
  [ 36] -0.076364  -0.025423  +0.001092  +0.055419  +0.073961  +0.024824
  [ 42] -0.014869  -0.013165  +0.027626  +0.008501  +0.055918  +0.007864
  [ 48] -0.094916  +0.037677  -0.014066  -0.010351  -0.002162  -0.039841
  [ 54] -0.014216  +0.001029  -0.059607  -0.038931  -0.037201  -0.027151
  [ 60] -0.025643  -0.003470  +0.001829  -0.016245  +0.041154  +0.040905
  [ 66] +0.011251  +0.080366  +0.024797  -0.015447  -0.059833  +0.012420
  [ 72] -0.014659  -0.053268  -0.062844  +0.047865  -0.010674  -0.052438
  [ 78] +0.004144  -0.082640  +0.016315  -0.035741  +0.098044  +0.006445
  [ 84] +0.034019  +0.045480  +0.060752  -0.069487  +0.004201  -0.070571
  [ 90] +0.071133  -0.052925  +0.009964  +0.075170  -0.004756  +0.025338
  [ 96] -0.129438  -0.155733  -0.029169  +0.013614  -0.019924  +0.004748
  [102] -0.024112  +0.029744  -0.089640  -0.036298  +0.005059  -0.014758
  [108] +0.038287  +0.060749  -0.014756  +0.142773  +0.027677  -0.020401
  [114] -0.042450  +0.057039  -0.121652  -0.006197  +0.047199  -0.016695
  [120] -0.003475  -0.025996  -0.015712  +0.035210  +0.004004  +0.014275
  [126] -0.017246  +0.000000  -0.026377  +0.005317  +0.112088  -0.076540
  [132] -0.122625  +0.000612  +0.011613  -0.082452  -0.032518  -0.014058
  [138] +0.020306  +0.065052  -0.028647  +0.027800  +0.010363  -0.107675
  [144] -0.016638  +0.110431  +0.051979  -0.063064  +0.002966  +0.032542
  [150] -0.013635  -0.097526  +0.086017  +0.094500  +0.097008  +0.017008
  [156] -0.012722  +0.037579  -0.013137  -0.000714  -0.067101  -0.063859
  [162] +0.008623  -0.005115  -0.092424  -0.022697  -0.067519  -0.051210
  [168] +0.019768  -0.000380  +0.034355  -0.007947  -0.035222  -0.057827
  [174] +0.014864  +0.036038  +0.005065  +0.007368  -0.112470  -0.080933
  [180] -0.012583  -0.005028  -0.040495  -0.067537  -0.052658  -0.037508
  [186] -0.011556  -0.029009  +0.021960  -0.071162  -0.108130  -0.089101
  [192] -0.031040  +0.102654  -0.018393  -0.017960  +0.072426  +0.077901
  [198] -0.055039  +0.043876  -0.021828  -0.012186  -0.017670  -0.027908
  [204] -0.001248  +0.152862  +0.045979  +0.061025  -0.079676  -0.025728
  [210] +0.077920  +0.017857  -0.029173  +0.015923  +0.069303  -0.005609
  [216] -0.101607  -0.016275  +0.083595  +0.041693  +0.046730  +0.053715
  [222] -0.011384  -0.000000  -0.104824  -0.024544  -0.012353  +0.087311
  [228] +0.064685  -0.076206  +0.056871  +0.037167  +0.061360  +0.043714
  [234] -0.054807  +0.024693  -0.010058  -0.065239  +0.067186  +0.006809
  [240] -0.061711  -0.000282  -0.008030  -0.073042  +0.020947  +0.034307
  [246] +0.030399  -0.040176  -0.014334  +0.050790  +0.071870  -0.009679
  [252] -0.039688  +0.023779  -0.065455  -0.013039  -0.011552  +0.104937
  [258] -0.039058  -0.056018  +0.015117  -0.039030  -0.039770  +0.077287
  [264] -0.045745  +0.079933  +0.033799  -0.010820  -0.006554  -0.000645
  [270] +0.039952  +0.026238  +0.053692  -0.024381  -0.006231  +0.055881
  [276] +0.028443  +0.006965  -0.031658  -0.030747  -0.046723  +0.006206
  [282] -0.007262  +0.079537  +0.046643  +0.072253  +0.017635  +0.110001
  [288] +0.016463  -0.005949  -0.010888  -0.096437  +0.010367  +0.024234
  [294] +0.067954  +0.061159  -0.037411  +0.038830  -0.037327  -0.012864
  [300] +0.005608  +0.100036  -0.021312  +0.017276  +0.088556  +0.001774
  [306] -0.055620  +0.078618  -0.000470  +0.018830  +0.021547  +0.030979
  [312] +0.005467  +0.046959  -0.051631  -0.030883  +0.031136  +0.123330
  [318] +0.014951  -0.000000  -0.048930  -0.025861  +0.046776  -0.028887
  [324] -0.030231  -0.027411  +0.001433  -0.037575  -0.003052  -0.016591
  [330] +0.122165  +0.006813  -0.024911  -0.010791  -0.031363  -0.049328
  [336] -0.026907  +0.041135  -0.049344  +0.034986  +0.051325  +0.004958
  [342] -0.030145  -0.047244  +0.064532  +0.023877  +0.000349  +0.034324
  [348] +0.023311  +0.046347  +0.047804  -0.024708  +0.019073  -0.013239
  [354] -0.108265  +0.177607  +0.022112  +0.018641  +0.040809  +0.111075
  [360] -0.011506  -0.059742  +0.039139  +0.008497  +0.013184  +0.007770
  [366] -0.023444  -0.081076  +0.052308  -0.049695  -0.037015  -0.025615
  [372] -0.035755  +0.001717  -0.019973  -0.009228  -0.037659  -0.043894
  [378] -0.030246  -0.038375  +0.084753  -0.073552  -0.026053  +0.066507

------------------------------------------------------------------------------
[C54]  PPLF - riskometer - S05
------------------------------------------------------------------------------
  | Scheme: Parag Parikh Liquid Fund (PPFAS Mutual Fund)
  | Topic: Riskometer
  | Keywords: riskometer risk o meter risk level how risky product label
  | Fact: The scheme riskometer for Parag Parikh Liquid Fund reads Low to Moderate Risk, as on August 31, 2026. The riskometer is a SEBI-mandated risk label and is re-evaluated by the AMC every month.

  vector (384 dims, L2 norm 1.0000):
  [  0] +0.003933  -0.060254  -0.120978  +0.017929  +0.062500  +0.036163
  [  6] +0.048716  +0.102855  -0.014839  -0.055680  +0.030071  -0.038686
  [ 12] -0.006814  +0.010673  -0.013504  -0.007072  -0.016313  -0.058010
  [ 18] +0.109178  +0.013196  +0.020001  -0.025778  -0.054144  -0.005484
  [ 24] -0.020212  +0.011793  +0.079080  +0.080413  +0.020258  +0.030331
  [ 30] -0.040870  +0.061275  +0.017009  -0.038941  +0.035870  +0.073791
  [ 36] -0.055595  -0.023712  -0.000792  +0.060559  +0.076313  +0.017698
  [ 42] +0.001652  +0.008646  +0.027095  +0.024641  +0.069203  +0.003343
  [ 48] -0.108023  +0.055342  -0.008471  -0.020954  -0.015060  -0.040302
  [ 54] -0.019983  -0.033989  -0.040196  -0.052193  -0.038395  -0.018262
  [ 60] -0.022979  +0.009888  -0.040087  -0.015483  +0.042821  +0.031403
  [ 66] -0.013386  +0.067238  +0.010126  -0.015716  -0.053401  -0.020058
  [ 72] +0.001791  -0.017374  -0.077214  +0.012369  -0.016520  -0.045445
  [ 78] -0.028845  -0.064517  +0.020668  -0.032833  +0.094502  +0.056351
  [ 84] +0.014899  +0.030063  +0.060928  -0.071682  +0.008199  -0.064584
  [ 90] +0.082718  -0.007238  -0.004392  +0.070880  -0.011787  +0.050103
  [ 96] -0.134238  -0.136183  -0.012790  +0.012019  -0.000568  +0.010590
  [102] -0.030844  +0.023975  -0.061651  -0.017671  +0.018363  -0.014339
  [108] +0.060316  +0.059786  -0.026025  +0.114693  +0.043839  -0.032643
  [114] -0.044957  +0.058742  -0.128929  -0.000197  +0.068717  +0.003671
  [120] -0.018175  +0.001338  -0.012257  +0.027127  +0.011158  +0.039806
  [126] -0.015352  +0.000000  -0.007882  -0.006731  +0.101077  -0.086095
  [132] -0.110331  +0.018716  -0.003866  -0.106589  -0.012969  -0.009445
  [138] +0.016250  +0.038886  -0.053495  +0.000157  -0.030887  -0.106327
  [144] +0.005741  +0.079063  +0.034525  -0.051391  -0.000502  -0.003881
  [150] -0.040788  -0.095959  +0.080849  +0.088739  +0.077910  +0.018841
  [156] -0.001426  +0.027690  -0.030870  +0.019243  -0.050568  -0.057951
  [162] -0.004672  +0.003124  -0.061331  -0.047295  -0.063418  -0.051679
  [168] -0.002466  +0.031465  +0.057660  -0.004758  -0.023858  -0.058190
  [174] -0.019173  -0.006277  +0.043888  -0.029186  -0.094999  -0.081359
  [180] -0.013245  +0.008860  -0.035723  -0.067598  -0.055247  -0.026937
  [186] -0.025621  -0.040079  +0.027241  -0.044342  -0.111019  -0.084254
  [192] -0.029237  +0.104131  -0.026691  -0.019280  +0.080731  +0.046130
  [198] -0.091221  +0.064262  -0.020763  -0.050212  -0.005100  -0.036450
  [204] +0.026240  +0.131432  +0.096011  +0.055267  -0.062962  -0.045057
  [210] +0.079216  +0.023540  -0.013459  -0.002473  +0.047781  +0.027711
  [216] -0.078257  -0.006727  +0.041175  +0.017043  +0.048072  +0.068651
  [222] -0.004932  -0.000000  -0.127914  -0.023506  -0.009374  +0.104793
  [228] +0.077397  -0.061737  +0.091986  +0.028413  +0.091561  +0.062107
  [234] -0.027722  +0.038613  +0.007539  -0.065873  +0.054707  +0.016633
  [240] -0.059857  +0.011076  +0.005943  -0.077967  +0.005030  +0.031167
  [246] +0.010876  -0.009086  -0.020732  +0.021339  +0.068464  -0.021330
  [252] -0.059700  +0.036688  -0.038885  -0.002267  +0.013604  +0.089946
  [258] -0.044827  -0.040123  +0.020327  -0.025155  -0.077979  +0.073600
  [264] -0.041744  +0.070364  +0.027864  -0.037959  -0.013503  +0.042508
  [270] +0.053385  -0.028196  +0.055487  -0.036738  -0.023441  +0.039200
  [276] +0.048739  +0.011450  -0.021657  -0.041047  -0.036348  +0.001497
  [282] -0.017967  +0.093171  +0.044186  +0.086566  -0.000630  +0.091217
  [288] +0.030235  +0.009834  +0.008585  -0.047823  +0.013440  +0.001771
  [294] +0.096124  +0.056939  -0.009209  +0.029562  -0.017292  -0.052184
  [300] -0.000712  +0.105725  -0.049149  +0.016415  +0.134422  +0.038989
  [306] -0.079659  +0.087199  +0.020255  +0.004926  +0.028667  +0.009398
  [312] -0.009368  +0.051718  -0.058790  -0.038174  +0.006394  +0.102924
  [318] +0.018016  -0.000000  -0.044521  -0.033959  +0.039403  -0.028268
  [324] -0.027502  -0.011170  -0.025438  -0.024513  +0.000924  -0.011726
  [330] +0.109726  +0.021818  -0.030405  -0.031726  -0.004950  -0.035211
  [336] -0.019089  +0.008160  -0.038119  +0.035908  +0.059360  +0.005007
  [342] -0.036171  -0.053080  +0.033785  +0.031605  +0.018742  +0.058796
  [348] +0.036816  +0.018316  +0.040407  -0.022078  +0.014093  +0.008416
  [354] -0.118602  +0.173053  +0.022990  +0.011991  +0.055986  +0.104615
  [360] -0.021320  -0.078248  +0.014932  +0.003733  +0.023285  +0.013604
  [366] -0.024657  -0.076451  +0.038653  -0.045373  -0.035649  -0.013536
  [372] -0.018593  +0.016040  -0.024792  -0.016422  -0.063871  -0.024169
  [378] -0.051613  -0.068051  +0.113235  -0.071064  +0.010316  +0.055257

------------------------------------------------------------------------------
[C55]  ALL - riskometer_explainer - S22
------------------------------------------------------------------------------
  | Scheme: All PPFAS schemes
  | Topic: Riskometer explainer
  | Keywords: what is riskometer meaning levels explain how often updated six levels scale
  | Fact: The Risk-o-meter is the standard SEBI risk label shown on every mutual fund scheme, running from Low through Low to Moderate, Moderate, Moderately High, High and Very High. AMFI hosts the industry-wide Risk-o-meter disclosure, which mutual funds update monthly.

  vector (384 dims, L2 norm 1.0000):
  [  0] +0.051678  -0.041580  -0.070279  +0.090825  +0.100769  +0.033559
  [  6] +0.009156  +0.062053  -0.001315  -0.080922  +0.022636  -0.024249
  [ 12] +0.046126  -0.047309  -0.019852  +0.013264  +0.019659  -0.001843
  [ 18] +0.048762  +0.059746  +0.040710  +0.021895  +0.021496  +0.022198
  [ 24] +0.002295  -0.067913  +0.012177  +0.125989  -0.004952  +0.025815
  [ 30] -0.037015  +0.117640  +0.096941  -0.029884  +0.000886  +0.015475
  [ 36] -0.009431  -0.004375  -0.053056  +0.079128  +0.038857  -0.042330
  [ 42] +0.005910  +0.042367  -0.046743  +0.023304  +0.037470  -0.078903
  [ 48] -0.098713  +0.020626  +0.014556  -0.060790  -0.074367  -0.021610
  [ 54] +0.017189  -0.004182  -0.040315  -0.062569  -0.043284  -0.023785
  [ 60] -0.020455  -0.005873  -0.023499  +0.017289  +0.073549  +0.032516
  [ 66] +0.004154  +0.067200  -0.001114  -0.035011  -0.063106  -0.033375
  [ 72] +0.024884  -0.042549  -0.037983  +0.015114  -0.060283  +0.010839
  [ 78] +0.058296  -0.042440  -0.051841  -0.010963  +0.105004  -0.030394
  [ 84] +0.031601  -0.000687  +0.062987  -0.108898  -0.005316  -0.015725
  [ 90] +0.012492  -0.033085  -0.005538  +0.067238  +0.059207  -0.001434
  [ 96] -0.105413  -0.111079  +0.008350  -0.012872  +0.001884  +0.021594
  [102] -0.050299  +0.094007  -0.070088  -0.020731  -0.002886  +0.036918
  [108] +0.045329  +0.027075  +0.054489  +0.048597  +0.053474  -0.066904
  [114] -0.013051  +0.037529  -0.122338  +0.067777  +0.020905  +0.057783
  [120] -0.020132  -0.053052  +0.034373  -0.038920  +0.006917  +0.116853
  [126] +0.001405  +0.000000  +0.063121  +0.062925  +0.062403  -0.073527
  [132] -0.083055  +0.024433  -0.030820  -0.060018  +0.001665  +0.001770
  [138] +0.039040  +0.120280  +0.002641  +0.088103  -0.015867  -0.075104
  [144] +0.010536  +0.068842  +0.044166  -0.057315  +0.021895  -0.035465
  [150] -0.012858  -0.054992  +0.074829  +0.043985  +0.039409  +0.038249
  [156] -0.063730  +0.013257  +0.019003  +0.027707  -0.016404  -0.078109
  [162] -0.010563  -0.005836  -0.034011  -0.003257  -0.036873  -0.102793
  [168] -0.014052  -0.019049  +0.006937  -0.016465  +0.023099  -0.024680
  [174] -0.052729  -0.001166  +0.019503  +0.023776  -0.087549  -0.071790
  [180] +0.005996  -0.011000  -0.007906  -0.021967  -0.077839  +0.011743
  [186] -0.051499  -0.009327  -0.000935  -0.020007  -0.050012  -0.035160
  [192] -0.035623  +0.108454  -0.039882  -0.007320  +0.038229  +0.072917
  [198] -0.050256  +0.067995  -0.054523  +0.028828  -0.072362  -0.018921
  [204] -0.030207  +0.096124  +0.046472  +0.002587  -0.039331  +0.035658
  [210] +0.054175  +0.006197  -0.007985  +0.058625  +0.026941  +0.002171
  [216] -0.088948  +0.020613  +0.079471  -0.041928  +0.059710  +0.039574
  [222] -0.027622  -0.000000  -0.077276  +0.057756  +0.005170  +0.055318
  [228] +0.039769  -0.058957  +0.090124  +0.043491  +0.078912  +0.028283
  [234] -0.084548  +0.059245  -0.014773  -0.071147  +0.038811  -0.055509
  [240] -0.093569  -0.016008  -0.001467  -0.004270  +0.044429  -0.011015
  [246] -0.023756  -0.036171  +0.028996  +0.008492  +0.018208  -0.052898
  [252] -0.040518  -0.023256  -0.038664  +0.012169  +0.045256  +0.082611
  [258] -0.034379  -0.040278  +0.029690  -0.116909  -0.056526  +0.099829
  [264] -0.033647  +0.067980  +0.037932  -0.110298  -0.025543  +0.021117
  [270] -0.004239  -0.002518  -0.004520  -0.070974  -0.041925  +0.007679
  [276] +0.002645  +0.029479  -0.054300  -0.009317  -0.026863  +0.007401
  [282] -0.081240  +0.049211  +0.101819  +0.066225  +0.027383  +0.092843
  [288] -0.009682  +0.012069  +0.041030  -0.090406  -0.032577  +0.032961
  [294] +0.016577  -0.002404  -0.043204  -0.025041  -0.023586  -0.092373
  [300] -0.053662  +0.088165  -0.066720  +0.041329  +0.061474  -0.000909
  [306] -0.032395  +0.104313  +0.030055  +0.007982  +0.042965  +0.018113
  [312] +0.060195  +0.087403  -0.089137  -0.053772  -0.032576  +0.106360
  [318] -0.004650  -0.000000  -0.013302  -0.042973  +0.097614  -0.043119
  [324] +0.051455  +0.006356  +0.001147  -0.033399  -0.021017  +0.042550
  [330] +0.102849  +0.013653  -0.053607  -0.087291  +0.022777  -0.052841
  [336] +0.002688  +0.030002  -0.038175  +0.016973  +0.018572  +0.009146
  [342] +0.005410  -0.002112  +0.075155  -0.009420  +0.025750  +0.089526
  [348] +0.048143  +0.004635  +0.030149  -0.064599  +0.073029  -0.037508
  [354] -0.119629  +0.142113  +0.059461  +0.013397  +0.070430  +0.083921
  [360] -0.007174  -0.082434  +0.055520  +0.020215  +0.042101  +0.014133
  [366] -0.068212  -0.028191  -0.022555  -0.034044  -0.055975  -0.002150
  [372] -0.043957  +0.089236  -0.041744  -0.012944  -0.051525  -0.006192
  [378] +0.000972  -0.008839  +0.060045  -0.056926  +0.001461  -0.029170

------------------------------------------------------------------------------
[C60]  PPFCF - benchmark - S07
------------------------------------------------------------------------------
  | Scheme: Parag Parikh Flexi Cap Fund (PPFAS Mutual Fund)
  | Topic: Benchmark
  | Keywords: benchmark index tier 1 compared against nifty crisil
  | Fact: The benchmark of Parag Parikh Flexi Cap Fund is NIFTY 500 (TRI), which is also its AMFI Tier I benchmark.

  vector (384 dims, L2 norm 1.0000):
  [  0] -0.037720  -0.040076  -0.094790  +0.030058  +0.050210  +0.000803
  [  6] +0.045107  +0.099904  -0.043815  -0.022169  -0.040083  -0.063481
  [ 12] -0.028490  +0.023986  -0.011048  -0.045113  +0.079725  -0.025298
  [ 18] +0.039504  -0.039664  +0.012252  -0.075778  -0.001265  -0.037879
  [ 24] +0.017562  +0.006163  -0.034095  +0.058752  +0.027504  -0.042142
  [ 30] -0.044853  +0.084107  -0.024581  -0.017445  -0.027530  +0.052464
  [ 36] -0.020772  -0.044350  +0.030989  +0.023574  +0.011182  +0.014999
  [ 42] +0.009350  -0.053570  +0.088211  -0.011544  -0.027173  +0.046226
  [ 48] -0.055990  -0.001682  -0.062698  -0.003865  -0.010966  -0.010574
  [ 54] -0.022905  +0.062621  -0.022165  -0.070642  +0.000491  -0.025869
  [ 60] +0.023184  -0.072036  +0.014836  -0.026125  +0.053523  +0.058234
  [ 66] -0.004307  -0.008602  +0.001468  -0.021229  -0.037990  +0.015275
  [ 72] -0.047888  -0.026346  -0.031620  +0.018243  +0.019852  -0.009621
  [ 78] -0.030387  -0.050053  +0.000637  -0.033033  +0.082638  -0.021932
  [ 84] +0.062189  -0.010945  +0.016753  -0.049823  -0.061397  -0.034465
  [ 90] +0.065088  +0.062740  +0.021446  +0.062220  +0.014749  +0.036588
  [ 96] -0.119187  -0.083597  -0.021204  +0.020799  +0.040496  -0.028860
  [102] -0.049196  +0.000261  -0.077875  -0.007658  +0.052869  +0.027464
  [108] +0.057598  +0.028702  -0.042079  +0.085874  +0.014220  -0.032705
  [114] -0.018226  +0.070605  -0.080382  +0.038341  +0.116194  +0.008416
  [120] -0.006288  -0.027669  -0.017884  +0.000108  -0.008447  +0.035834
  [126] -0.030174  +0.000000  -0.055005  +0.080730  +0.048631  -0.063899
  [132] -0.109852  -0.049131  -0.021714  -0.076914  -0.107416  -0.035714
  [138] +0.022140  +0.079561  -0.037405  +0.003163  -0.002901  -0.140433
  [144] +0.008612  +0.102372  +0.030728  -0.023596  +0.040707  +0.076307
  [150] +0.029147  -0.085477  +0.126211  +0.050971  +0.034014  -0.021495
  [156] -0.032651  +0.051294  -0.009712  -0.011406  -0.033485  -0.052403
  [162] +0.004467  -0.037355  +0.002094  -0.071934  -0.094453  -0.042719
  [168] -0.104890  +0.067655  +0.039843  -0.074754  -0.077671  -0.021323
  [174] -0.021120  +0.055636  +0.056822  -0.058669  -0.074777  -0.012416
  [180] -0.066693  -0.032761  +0.049073  -0.044862  -0.028487  +0.011362
  [186] +0.046967  +0.076260  +0.023336  -0.098086  -0.137293  -0.049474
  [192] -0.054096  +0.100014  -0.077982  -0.003114  +0.114694  +0.092563
  [198] -0.025861  +0.063494  +0.024946  +0.029678  +0.072037  -0.013394
  [204] +0.018059  +0.110130  +0.011996  +0.017838  -0.065083  +0.045459
  [210] +0.024121  -0.031103  -0.049362  -0.002235  +0.044477  +0.027187
  [216] -0.002378  -0.057469  +0.013020  +0.013774  +0.030731  -0.006617
  [222] +0.019038  -0.000000  +0.020596  -0.034012  -0.020710  +0.089326
  [228] +0.078375  +0.003110  +0.019178  -0.036386  +0.047086  +0.083833
  [234] +0.030713  +0.032089  -0.023957  +0.002697  +0.005860  -0.031279
  [240] -0.028605  -0.112182  -0.006689  -0.057011  +0.027078  -0.034949
  [246] -0.016607  +0.008750  -0.011771  +0.036175  -0.092312  -0.057947
  [252] -0.039265  -0.026601  -0.040695  -0.035482  -0.062536  +0.028526
  [258] -0.011851  -0.000861  -0.012218  -0.002286  -0.042327  +0.066142
  [264] +0.014880  +0.045001  +0.082197  -0.040896  -0.038505  -0.028603
  [270] -0.074483  +0.038151  +0.028391  +0.002413  -0.044487  +0.019977
  [276] +0.051573  -0.009500  -0.016515  -0.046511  -0.065553  -0.004721
  [282] -0.053308  +0.039791  +0.040644  +0.045725  -0.040078  +0.146407
  [288] +0.049308  -0.045860  -0.004075  -0.119633  -0.054185  +0.007444
  [294] +0.002672  +0.011814  +0.066200  +0.093894  -0.035377  +0.014811
  [300] +0.059931  +0.056021  +0.000257  +0.040090  +0.098827  +0.002853
  [306] -0.089569  +0.042139  -0.029502  +0.067222  +0.054649  +0.042944
  [312] +0.073043  -0.018339  +0.002126  -0.049887  -0.002200  +0.049019
  [318] +0.031320  -0.000000  -0.036786  -0.051889  +0.022923  +0.003804
  [324] -0.045121  -0.004046  +0.003989  -0.047564  -0.018410  +0.007086
  [330] +0.064428  +0.011489  -0.037122  -0.000283  -0.051574  +0.012441
  [336] -0.050762  +0.029213  +0.050686  -0.022648  +0.003277  +0.074460
  [342] -0.010252  -0.057971  -0.040971  +0.061293  +0.010088  +0.005440
  [348] +0.043251  +0.030547  -0.017447  +0.016016  +0.044914  -0.080820
  [354] -0.010187  +0.151427  +0.013481  +0.116070  +0.028533  +0.092429
  [360] +0.063839  -0.012741  +0.054051  -0.012338  +0.055772  +0.030323
  [366] -0.045387  -0.020273  +0.057457  -0.035374  -0.086901  -0.058760
  [372] -0.054668  +0.018576  -0.028257  +0.078885  -0.037319  -0.040733
  [378] -0.039120  -0.022626  +0.173893  -0.079313  -0.004598  +0.102217

------------------------------------------------------------------------------
[C61]  PPTSF - benchmark - S07
------------------------------------------------------------------------------
  | Scheme: Parag Parikh ELSS Tax Saver Fund (PPFAS Mutual Fund)
  | Topic: Benchmark
  | Keywords: benchmark index tier 1 compared against nifty crisil
  | Fact: The benchmark of Parag Parikh ELSS Tax Saver Fund is NIFTY 500 (TRI), which is also its AMFI Tier I benchmark.

  vector (384 dims, L2 norm 1.0000):
  [  0] -0.050219  -0.024805  -0.100932  +0.007459  +0.043718  +0.011124
  [  6] +0.050382  +0.061261  -0.041961  +0.006785  -0.032771  -0.054276
  [ 12] -0.005754  -0.021689  -0.017413  -0.024456  +0.084376  -0.025194
  [ 18] +0.038020  -0.057185  +0.043345  -0.085316  -0.013665  -0.022445
  [ 24] +0.058588  -0.028615  -0.029574  +0.036457  +0.036304  -0.049880
  [ 30] -0.000547  +0.053755  -0.042494  -0.019723  -0.035662  +0.061012
  [ 36] -0.019806  -0.021997  +0.018821  +0.029406  +0.015193  -0.008128
  [ 42] -0.011014  -0.082982  +0.050694  -0.013595  -0.020167  +0.025979
  [ 48] -0.072299  +0.010938  -0.065768  +0.008247  -0.026009  +0.001231
  [ 54] -0.014218  -0.015536  -0.019745  -0.028453  -0.040977  -0.046581
  [ 60] +0.012970  -0.075716  +0.006023  -0.039735  +0.035200  +0.062851
  [ 66] -0.010009  -0.016068  -0.013293  -0.030664  -0.045337  +0.012333
  [ 72] -0.036322  -0.026572  -0.045610  +0.015859  +0.048173  -0.012066
  [ 78] -0.060895  -0.083851  +0.025915  +0.019217  +0.058361  -0.005542
  [ 84] +0.075748  -0.030675  +0.045582  -0.059729  -0.028824  -0.040742
  [ 90] +0.073393  +0.062526  +0.020653  +0.056412  +0.006125  +0.017268
  [ 96] -0.098112  -0.079532  -0.014922  +0.006603  +0.071435  -0.010862
  [102] -0.024603  +0.000931  -0.081189  -0.004013  +0.065055  +0.054093
  [108] +0.053544  +0.026544  -0.023407  +0.106943  +0.027420  -0.021368
  [114] -0.012272  +0.079976  -0.087525  +0.016814  +0.133541  -0.011820
  [120] +0.043385  -0.006517  -0.002483  -0.007454  +0.006279  +0.013999
  [126] -0.010459  +0.000000  -0.088106  +0.091636  +0.059120  -0.079146
  [132] -0.107842  -0.031286  -0.000684  -0.049079  -0.077505  -0.057125
  [138] -0.009328  +0.052090  -0.019988  +0.018261  -0.003607  -0.141157
  [144] -0.021547  +0.074721  +0.025824  -0.015612  +0.076981  +0.049567
  [150] +0.013250  -0.091863  +0.100263  +0.034340  +0.048472  -0.038059
  [156] -0.062965  +0.056755  +0.015285  -0.003924  -0.007837  -0.042749
  [162] -0.005598  -0.019197  +0.036942  -0.044214  -0.070147  -0.091286
  [168] -0.109486  +0.083370  +0.078487  -0.042092  -0.083955  -0.038365
  [174] -0.017101  +0.070322  +0.055256  -0.033279  -0.048955  -0.045591
  [180] -0.044410  -0.045443  +0.038755  -0.048310  -0.041573  -0.018329
  [186] +0.031337  +0.051203  +0.052729  -0.077870  -0.130677  -0.069150
  [192] -0.062423  +0.037649  -0.051992  -0.043677  +0.090862  +0.079281
  [198] -0.051096  +0.082236  +0.036157  +0.008649  +0.083035  -0.021924
  [204] -0.017582  +0.102784  +0.012757  +0.018924  -0.062168  +0.033551
  [210] +0.009097  -0.075335  -0.049438  -0.005164  +0.059955  +0.050475
  [216] -0.006567  -0.058980  +0.034380  +0.017489  +0.048025  +0.005241
  [222] +0.003106  -0.000000  +0.007410  -0.013881  +0.008588  +0.130479
  [228] +0.074394  +0.013677  +0.059607  -0.026138  +0.044366  +0.097060
  [234] +0.044574  +0.031045  +0.010955  -0.009654  +0.061494  -0.050246
  [240] -0.033926  -0.099734  -0.020494  -0.070385  +0.035977  +0.021358
  [246] -0.030871  +0.013454  -0.039917  +0.033404  -0.109650  -0.036892
  [252] -0.041530  -0.020193  -0.046575  -0.032830  -0.070558  -0.002093
  [258] -0.011009  -0.012217  -0.007570  -0.013128  -0.078617  +0.058236
  [264] +0.015965  +0.049442  +0.042073  -0.025334  -0.000165  -0.034013
  [270] -0.076475  +0.069587  +0.039774  +0.031530  -0.028309  +0.018138
  [276] +0.022606  +0.009998  +0.003328  -0.011293  -0.085000  +0.001135
  [282] -0.077902  +0.047392  +0.013985  +0.064551  -0.010366  +0.120444
  [288] +0.058046  -0.061372  +0.006671  -0.065582  -0.007182  -0.009308
  [294] -0.033298  +0.018493  +0.026257  +0.046378  -0.034525  +0.003656
  [300] +0.053437  +0.042812  -0.006529  +0.035180  +0.107202  +0.019219
  [306] -0.059093  +0.019066  -0.019167  +0.073316  +0.028390  -0.002271
  [312] +0.081496  -0.030248  -0.004443  -0.037194  +0.010091  +0.045173
  [318] +0.040411  -0.000000  -0.046811  -0.035355  -0.007709  +0.018514
  [324] -0.064017  -0.044974  +0.006644  -0.000704  -0.013119  +0.016803
  [330] +0.119815  +0.013413  -0.050106  +0.003384  -0.032653  -0.025232
  [336] -0.013518  +0.058326  +0.030119  -0.021040  +0.055665  +0.045777
  [342] -0.039675  -0.064271  -0.016633  +0.053330  +0.043824  -0.009617
  [348] +0.054218  +0.024088  -0.001499  +0.024630  +0.029768  -0.068931
  [354] -0.022620  +0.156881  -0.003662  +0.135557  +0.091090  +0.096045
  [360] +0.060350  -0.024106  +0.034950  -0.010300  +0.034523  +0.047906
  [366] -0.058999  -0.059167  +0.033884  -0.032926  -0.068471  -0.072795
  [372] -0.013371  +0.001279  -0.003854  +0.014689  -0.078245  -0.041731
  [378] -0.001899  -0.053886  +0.188877  -0.066977  +0.001928  +0.116544

------------------------------------------------------------------------------
[C62]  PPCHF - benchmark - S07
------------------------------------------------------------------------------
  | Scheme: Parag Parikh Conservative Hybrid Fund (PPFAS Mutual Fund)
  | Topic: Benchmark
  | Keywords: benchmark index compared against nifty crisil
  | Fact: The benchmark of Parag Parikh Conservative Hybrid Fund is the CRISIL Hybrid 85+15 Conservative Index.

  vector (384 dims, L2 norm 1.0000):
  [  0] -0.001324  -0.037187  -0.093330  +0.040231  +0.019217  +0.006608
  [  6] +0.020410  +0.065575  -0.008356  -0.024784  -0.023713  -0.012885
  [ 12] -0.034805  +0.000589  -0.033677  -0.033478  +0.054652  -0.041345
  [ 18] +0.039317  -0.015336  -0.042848  -0.075356  -0.014940  -0.025823
  [ 24] +0.060057  +0.021071  +0.012320  +0.057979  +0.015838  -0.019516
  [ 30] -0.033720  +0.044354  -0.005942  +0.005168  -0.044079  +0.047086
  [ 36] -0.060422  -0.020827  +0.050861  +0.044331  +0.030353  +0.012643
  [ 42] -0.011997  -0.069241  +0.079097  -0.005052  -0.031730  +0.047332
  [ 48] -0.051675  +0.007804  -0.068524  +0.017281  -0.020254  +0.005991
  [ 54] -0.004673  +0.006689  -0.045983  -0.048477  +0.003200  -0.049518
  [ 60] +0.022462  -0.024821  -0.025528  -0.044232  +0.022628  -0.014225
  [ 66] -0.020496  +0.002096  +0.044746  -0.010622  -0.045017  +0.034822
  [ 72] -0.059117  -0.037063  -0.043657  +0.014178  +0.022142  -0.027117
  [ 78] -0.022352  -0.121430  +0.025097  -0.039839  +0.097394  -0.028670
  [ 84] +0.071899  -0.029970  +0.054065  -0.030328  -0.039103  -0.062634
  [ 90] +0.079254  +0.061785  +0.009410  +0.027204  +0.003958  +0.037369
  [ 96] -0.089570  -0.124389  -0.027650  +0.024200  +0.053028  -0.025271
  [102] -0.000490  +0.014801  -0.092524  -0.008318  +0.036019  +0.006654
  [108] +0.035572  +0.002594  -0.066527  +0.133576  +0.009957  -0.039963
  [114] -0.053078  +0.036365  -0.085873  -0.023337  +0.130508  +0.002787
  [120] +0.002650  -0.033429  -0.008254  +0.003236  +0.004236  +0.015619
  [126] -0.017806  +0.000000  -0.072242  +0.024989  +0.062744  -0.090205
  [132] -0.127714  -0.025078  -0.006971  -0.080908  -0.089730  -0.028491
  [138] +0.010460  +0.050345  -0.038918  -0.005155  -0.013871  -0.132801
  [144] -0.040579  +0.102877  +0.041412  -0.016523  +0.059857  +0.103862
  [150] -0.002187  -0.076532  +0.111314  +0.007245  +0.072975  -0.014805
  [156] -0.040583  +0.051696  +0.003543  -0.004839  -0.049130  -0.040739
  [162] +0.028177  -0.000712  +0.001304  -0.076008  -0.092079  -0.033565
  [168] -0.060614  +0.039053  +0.038343  -0.066595  -0.059056  +0.019896
  [174] +0.002983  +0.060595  +0.058656  -0.017368  -0.094725  -0.014654
  [180] -0.046678  -0.008899  +0.021505  -0.054439  -0.042465  +0.008050
  [186] +0.028809  +0.031512  +0.038735  -0.053535  -0.143150  -0.059167
  [192] -0.069629  +0.068348  -0.073511  +0.007427  +0.086268  +0.104271
  [198] -0.022317  +0.069661  +0.034243  -0.025177  +0.090832  -0.035572
  [204] -0.004384  +0.116897  +0.034712  +0.034969  -0.066192  +0.008418
  [210] +0.008835  -0.034146  -0.059456  -0.002286  +0.042222  +0.044717
  [216] -0.014994  -0.107579  +0.052445  +0.002270  +0.066430  +0.010082
  [222] +0.044117  -0.000000  -0.020047  -0.046690  +0.049082  +0.129730
  [228] +0.068194  -0.003892  -0.000367  -0.030837  +0.042021  +0.091879
  [234] +0.064045  +0.022683  +0.008171  -0.027393  +0.007240  -0.034227
  [240] -0.039333  -0.072144  +0.005802  -0.024793  +0.004463  +0.003791
  [246] -0.019672  +0.005084  -0.017034  +0.013629  -0.019057  -0.028334
  [252] -0.055835  -0.026501  -0.003468  -0.030503  -0.060109  +0.062558
  [258] -0.046027  -0.018190  -0.015985  +0.014871  -0.049901  +0.086768
  [264] +0.028467  +0.049847  +0.090724  -0.024546  -0.015188  -0.021458
  [270] -0.111967  +0.057054  +0.037100  -0.022498  -0.003530  +0.049547
  [276] +0.053330  -0.027793  -0.020529  -0.063372  -0.056485  +0.026641
  [282] -0.020540  +0.049766  +0.001070  +0.050059  -0.018041  +0.163204
  [288] +0.028542  -0.027277  -0.034571  -0.062473  -0.002787  -0.031692
  [294] -0.043600  +0.013744  +0.058304  +0.100683  -0.001728  +0.025680
  [300] +0.085206  +0.043104  +0.028232  +0.092462  +0.117665  +0.001796
  [306] -0.061463  +0.022109  -0.051542  +0.087489  -0.010938  +0.007966
  [312] +0.026572  -0.020205  -0.002901  -0.035288  +0.049854  +0.059530
  [318] +0.048979  -0.000000  -0.052352  -0.052722  +0.008525  -0.001987
  [324] -0.029584  -0.035784  -0.026837  -0.064946  +0.002754  +0.010289
  [330] +0.069882  -0.007129  -0.037674  +0.023527  -0.046547  -0.044163
  [336] -0.008867  +0.001509  +0.038628  -0.009334  +0.006666  +0.064318
  [342] -0.015271  -0.034008  +0.020307  +0.072905  +0.025780  -0.010593
  [348] +0.012014  +0.033898  +0.034524  +0.039091  +0.007808  -0.022331
  [354] -0.044247  +0.182482  +0.019820  +0.091908  +0.015444  +0.076323
  [360] +0.034252  -0.053992  +0.019844  -0.047949  +0.004191  +0.031718
  [366] -0.035323  -0.055267  +0.037654  -0.054906  -0.049143  -0.075894
  [372] -0.007489  -0.019406  +0.000026  +0.049548  -0.075455  -0.046731
  [378] -0.025207  -0.067079  +0.151322  -0.079652  -0.003244  +0.144595

------------------------------------------------------------------------------
[C63]  PPDAAF - benchmark - S04
------------------------------------------------------------------------------
  | Scheme: Parag Parikh Dynamic Asset Allocation Fund (PPFAS Mutual Fund)
  | Topic: Benchmark
  | Keywords: benchmark index compared against nifty crisil
  | Fact: The benchmark of Parag Parikh Dynamic Asset Allocation Fund is the CRISIL Hybrid 50+50 Moderate Index.

  vector (384 dims, L2 norm 1.0000):
  [  0] -0.009062  -0.023340  -0.085981  +0.058407  -0.004710  -0.002174
  [  6] +0.044314  +0.052938  +0.001145  -0.019680  -0.048100  -0.014946
  [ 12] -0.007749  +0.014436  -0.048349  -0.010639  +0.056379  -0.032398
  [ 18] +0.048743  -0.009946  -0.009772  -0.071713  -0.029699  -0.050558
  [ 24] +0.042947  +0.026384  +0.015155  +0.039773  +0.028466  -0.008247
  [ 30] -0.035781  +0.054508  +0.014378  +0.010170  -0.047999  +0.066265
  [ 36] -0.064742  -0.027876  +0.017771  +0.034945  +0.056490  +0.027441
  [ 42] -0.025186  -0.080965  +0.080141  -0.028884  -0.003858  +0.067402
  [ 48] -0.053008  +0.015243  -0.081459  +0.028302  -0.015191  +0.010750
  [ 54] -0.030616  +0.033079  -0.054415  -0.033946  +0.005921  -0.038469
  [ 60] +0.026402  -0.034547  +0.012870  -0.037002  +0.050245  +0.002517
  [ 66] -0.010903  +0.015293  +0.027279  -0.006892  -0.024837  +0.037507
  [ 72] -0.050699  -0.049083  -0.051580  +0.015833  +0.003087  -0.057446
  [ 78] -0.024207  -0.085309  +0.025981  -0.055761  +0.097235  -0.026457
  [ 84] +0.053423  -0.015053  +0.051705  -0.048473  -0.028856  -0.068391
  [ 90] +0.088093  +0.025493  +0.024346  +0.032395  +0.027781  +0.043875
  [ 96] -0.093737  -0.109966  -0.031746  +0.021280  +0.022063  -0.008675
  [102] -0.023773  +0.004779  -0.111597  -0.007323  +0.038636  -0.006376
  [108] +0.019324  +0.013681  -0.049818  +0.150721  +0.009917  -0.031508
  [114] -0.042061  +0.061788  -0.087693  -0.013522  +0.112091  -0.020433
  [120] +0.032336  -0.033116  -0.017952  +0.017259  +0.021927  +0.013129
  [126] -0.031068  +0.000000  -0.091162  +0.007349  +0.094951  -0.064380
  [132] -0.156798  -0.029823  +0.003237  -0.065895  -0.102385  -0.046770
  [138] +0.028789  +0.087964  -0.043480  +0.008742  +0.009819  -0.131480
  [144] -0.019527  +0.133954  +0.064833  -0.015452  +0.053367  +0.093409
  [150] -0.001160  -0.102797  +0.104138  +0.042159  +0.078015  -0.017347
  [156] -0.022858  +0.050161  +0.005850  -0.014699  -0.048392  -0.045212
  [162] +0.010027  -0.005925  -0.043724  -0.040535  -0.092795  -0.040595
  [168] -0.044872  +0.032143  +0.006477  -0.076973  -0.096617  +0.005187
  [174] +0.033467  +0.070755  +0.015687  -0.009506  -0.086162  -0.033322
  [180] -0.046142  +0.007111  +0.017622  -0.064246  -0.035707  -0.015714
  [186] +0.016982  +0.045332  +0.038595  -0.084154  -0.142966  -0.039469
  [192] -0.041056  +0.081239  -0.048883  +0.026648  +0.074185  +0.098347
  [198] -0.016914  +0.060496  +0.027654  -0.000083  +0.068721  -0.046284
  [204] +0.004085  +0.136050  -0.022445  +0.031202  -0.069957  +0.006065
  [210] +0.022204  -0.028722  -0.060482  +0.017818  +0.041311  +0.021581
  [216] -0.041532  -0.092776  +0.065783  +0.006429  +0.050222  +0.019984
  [222] +0.022930  -0.000000  -0.021691  -0.062296  +0.009599  +0.125012
  [228] +0.093828  -0.027951  +0.001857  -0.015122  +0.044898  +0.067532
  [234] +0.017919  +0.024506  -0.013860  -0.026034  +0.022389  -0.016418
  [240] -0.024493  -0.075375  -0.005234  -0.063356  -0.007952  +0.014401
  [246] +0.036271  -0.027870  -0.020138  +0.052769  -0.026048  +0.001417
  [252] -0.055915  -0.001657  -0.036690  -0.041293  -0.063968  +0.064477
  [258] -0.035751  -0.015669  -0.021766  +0.004467  -0.033384  +0.098111
  [264] +0.013314  +0.044635  +0.065350  -0.007154  +0.004802  -0.036849
  [270] -0.073714  +0.066918  +0.056903  -0.042587  -0.011992  +0.064702
  [276] +0.034806  -0.031299  -0.009556  -0.025441  -0.069217  +0.017769
  [282] +0.013799  +0.062780  -0.006745  +0.057492  -0.012169  +0.156118
  [288] +0.015000  -0.020232  -0.025805  -0.083632  -0.013285  -0.031453
  [294] -0.008938  +0.001976  +0.031491  +0.104708  -0.010789  +0.049828
  [300] +0.063508  +0.061502  +0.023492  +0.080611  +0.064650  +0.011332
  [306] -0.070934  +0.022294  -0.044025  +0.056304  +0.001131  +0.012522
  [312] +0.014783  +0.014777  +0.000938  -0.032637  +0.064582  +0.068400
  [318] +0.030435  -0.000000  -0.068183  -0.049378  +0.029734  -0.007044
  [324] -0.034908  -0.057311  -0.000755  -0.046668  +0.017086  +0.005607
  [330] +0.088892  -0.035477  -0.025498  +0.042937  -0.067852  -0.043633
  [336] -0.036099  +0.002578  +0.004817  -0.015780  +0.038922  +0.041144
  [342] -0.006881  -0.043810  +0.015387  +0.054272  +0.012913  -0.017306
  [348] -0.007654  +0.054618  +0.018290  +0.037058  +0.044417  -0.019593
  [354] -0.031533  +0.171116  +0.005515  +0.073188  -0.009063  +0.070777
  [360] +0.007527  -0.044802  +0.039108  -0.038003  +0.019724  +0.026460
  [366] -0.043350  -0.060518  +0.066991  -0.075719  -0.049341  -0.077723
  [372] -0.034687  -0.008990  +0.020664  +0.049325  -0.049538  -0.050245
  [378] -0.012778  -0.057298  +0.126771  -0.083936  -0.048202  +0.137454

------------------------------------------------------------------------------
[C64]  PPLF - benchmark - S07
------------------------------------------------------------------------------
  | Scheme: Parag Parikh Liquid Fund (PPFAS Mutual Fund)
  | Topic: Benchmark
  | Keywords: benchmark index compared against nifty crisil
  | Fact: The benchmark of Parag Parikh Liquid Fund is the CRISIL Liquid Debt A-I Index.

  vector (384 dims, L2 norm 1.0000):
  [  0] -0.041290  -0.041748  -0.079519  +0.022182  +0.019117  +0.000533
  [  6] +0.068514  +0.090325  +0.001571  -0.034945  -0.034765  -0.038950
  [ 12] -0.043117  +0.026063  -0.061683  -0.067199  +0.027457  -0.032311
  [ 18] +0.060960  -0.028824  +0.005284  -0.053441  -0.038488  -0.008389
  [ 24] +0.053554  +0.038575  +0.045173  +0.066145  +0.015974  -0.026565
  [ 30] -0.045610  +0.067193  +0.022610  -0.019218  -0.008936  +0.074305
  [ 36] -0.032245  -0.030257  +0.029657  +0.029892  +0.063536  +0.005956
  [ 42] +0.026667  -0.059012  +0.084902  -0.010539  +0.001834  +0.062534
  [ 48] -0.087121  +0.041791  -0.096325  +0.003416  -0.036997  +0.022415
  [ 54] -0.023591  +0.011029  -0.007760  -0.064537  -0.002238  -0.018516
  [ 60] +0.035087  -0.007473  -0.031138  -0.011537  +0.071010  +0.014211
  [ 66] -0.004492  +0.028734  -0.013453  +0.006646  -0.021051  +0.006917
  [ 72] -0.042861  +0.001737  -0.059354  -0.005121  -0.003406  -0.052266
  [ 78] -0.044299  -0.077953  +0.020302  -0.044968  +0.088810  +0.013215
  [ 84] +0.029270  -0.053833  +0.080807  -0.073026  -0.010814  -0.055481
  [ 90] +0.095157  +0.053922  +0.025356  +0.016639  +0.013931  +0.064342
  [ 96] -0.106191  -0.097659  -0.010619  +0.008543  +0.052082  +0.002187
  [102] -0.026093  +0.006204  -0.064223  +0.024370  +0.049019  -0.018532
  [108] +0.065334  -0.002729  -0.073605  +0.113291  -0.006849  -0.075626
  [114] -0.006327  +0.053184  -0.080626  -0.011926  +0.106321  -0.003532
  [120] +0.021941  -0.027020  -0.039677  +0.009111  +0.014946  +0.035885
  [126] -0.055419  +0.000000  -0.077045  -0.009471  +0.075734  -0.063309
  [132] -0.153253  -0.027175  -0.042924  -0.074137  -0.082345  -0.030660
  [138] +0.014593  +0.065207  -0.069873  +0.002412  -0.036384  -0.130611
  [144] -0.014909  +0.093655  +0.054657  +0.008822  +0.057886  +0.054946
  [150] +0.010407  -0.117683  +0.092553  +0.012589  +0.050899  -0.033420
  [156] +0.013445  +0.038162  +0.013192  +0.016725  -0.022843  -0.031550
  [162] -0.025535  +0.007208  -0.022887  -0.065715  -0.069669  -0.026602
  [168] -0.062855  +0.058165  +0.018903  -0.057399  -0.079448  -0.007895
  [174] -0.013167  +0.018119  +0.069027  -0.063344  -0.070052  -0.046394
  [180] -0.058279  +0.008953  +0.005858  -0.054394  -0.056910  +0.000854
  [186] +0.006172  +0.055147  +0.017049  -0.068526  -0.151392  -0.043241
  [192] -0.076946  +0.106362  -0.042360  +0.028100  +0.097064  +0.051345
  [198] -0.073817  +0.053066  +0.031791  -0.009310  +0.055235  -0.040385
  [204] +0.017045  +0.113785  +0.004202  +0.041653  -0.084024  -0.033898
  [210] +0.036186  -0.012025  -0.035798  -0.002354  +0.026314  -0.002111
  [216] +0.013616  -0.060083  +0.008604  +0.003250  +0.052611  +0.017306
  [222] +0.062244  -0.000000  -0.029983  -0.062250  -0.014659  +0.147208
  [228] +0.104903  -0.023935  +0.000099  -0.010383  +0.047189  +0.086131
  [234] +0.010576  +0.031043  -0.039327  -0.012345  +0.027289  -0.015503
  [240] -0.022031  -0.072845  +0.002473  -0.053291  -0.016376  +0.009438
  [246] +0.018960  +0.004438  -0.032003  +0.048034  -0.051598  -0.012715
  [252] -0.044004  -0.002152  -0.002777  -0.026950  -0.025528  +0.046320
  [258] -0.038098  +0.004951  +0.016536  +0.003195  -0.062458  +0.093488
  [264] +0.043855  +0.048493  +0.055481  -0.035732  -0.006904  +0.018604
  [270] -0.071228  +0.014737  +0.065365  -0.027977  -0.020015  +0.046125
  [276] +0.035431  -0.019464  -0.001468  -0.035749  -0.062622  +0.005724
  [282] -0.011867  +0.069309  -0.000569  +0.082816  -0.048971  +0.125305
  [288] +0.042845  -0.026707  -0.001297  -0.068073  -0.027788  -0.061900
  [294] +0.009894  -0.013951  +0.059766  +0.088918  +0.015798  +0.023058
  [300] +0.041884  +0.065651  -0.024478  +0.055739  +0.119028  +0.039458
  [306] -0.075409  +0.035780  -0.034561  +0.050453  +0.037082  -0.005773
  [312] +0.001189  +0.016864  -0.013568  -0.053441  +0.036297  +0.057755
  [318] +0.043705  -0.000000  -0.070268  -0.058166  +0.032070  -0.007962
  [324] -0.048380  -0.052634  -0.033427  +0.002018  +0.010072  +0.011231
  [330] +0.091000  -0.001934  -0.037254  +0.026356  -0.063481  -0.027158
  [336] -0.058317  -0.017610  +0.000479  +0.012073  +0.035364  +0.063795
  [342] -0.022647  -0.060791  -0.001510  +0.050470  +0.037694  +0.026021
  [348] +0.044156  +0.020401  +0.002643  +0.050632  +0.053782  -0.017645
  [354] -0.005025  +0.168052  +0.025690  +0.048455  +0.010831  +0.081694
  [360] -0.004446  -0.041657  +0.010827  -0.037097  +0.072005  +0.025046
  [366] -0.076783  -0.037245  +0.059461  -0.083237  -0.066916  -0.057946
  [372] -0.000346  +0.024230  +0.028305  +0.037109  -0.086151  -0.019795
  [378] -0.014762  -0.073688  +0.165622  -0.094803  -0.007437  +0.120666

------------------------------------------------------------------------------
[C70]  PPFCF - category - S01
------------------------------------------------------------------------------
  | Scheme: Parag Parikh Flexi Cap Fund (PPFAS Mutual Fund)
  | Topic: Category
  | Keywords: category type of scheme what kind open ended objective
  | Fact: Parag Parikh Flexi Cap Fund is an open-ended dynamic equity scheme investing across large cap, mid cap and small cap stocks. It invests in Indian equities, foreign equities and related instruments, and debt securities.

  vector (384 dims, L2 norm 1.0000):
  [  0] +0.016471  -0.037248  -0.108978  +0.002469  +0.043898  -0.001040
  [  6] +0.066189  +0.076923  -0.040593  -0.010064  +0.018339  +0.000622
  [ 12] -0.059107  +0.020233  +0.028295  +0.006814  -0.032239  -0.055267
  [ 18] +0.068207  +0.032974  -0.005695  -0.037073  -0.042278  -0.028997
  [ 24] -0.024241  +0.045449  +0.061008  +0.056036  +0.000849  +0.016157
  [ 30] -0.005146  +0.076605  -0.014486  -0.011619  -0.017068  +0.135056
  [ 36] -0.070390  +0.003403  -0.010780  +0.016903  +0.037148  +0.039134
  [ 42] +0.029640  -0.058018  +0.067400  -0.034754  +0.005732  +0.010358
  [ 48] -0.046197  -0.010672  +0.036768  -0.010157  -0.001596  -0.008691
  [ 54] -0.035165  -0.012228  -0.081470  -0.020403  -0.014838  -0.056981
  [ 60] -0.010757  -0.007413  +0.045562  +0.011166  +0.041086  +0.040465
  [ 66] -0.031681  +0.077124  +0.005072  -0.033315  -0.056537  -0.006712
  [ 72] -0.076506  -0.032984  -0.077266  +0.009732  +0.044878  -0.019099
  [ 78] -0.039007  +0.019882  +0.008041  -0.028784  +0.085475  -0.005936
  [ 84] +0.001738  +0.019936  +0.015511  -0.067302  -0.027629  -0.049031
  [ 90] +0.042799  +0.023204  +0.050263  +0.017743  -0.029247  +0.014604
  [ 96] -0.105541  -0.132687  -0.020230  +0.050745  +0.012395  -0.019402
  [102] -0.009622  -0.037095  -0.068357  -0.041608  +0.019542  -0.021879
  [108] +0.034684  -0.005943  -0.041075  +0.099225  -0.030177  -0.026680
  [114] -0.081158  +0.060858  -0.120109  +0.008200  +0.089898  -0.049464
  [120] -0.031114  -0.003997  -0.026331  -0.013755  +0.013552  -0.023995
  [126] -0.048894  +0.000000  -0.089522  -0.000666  +0.088060  -0.067611
  [132] -0.081541  -0.025920  +0.020203  -0.095397  -0.116956  +0.018949
  [138] +0.075578  +0.096166  -0.020771  +0.059223  +0.054149  -0.101824
  [144] -0.020969  +0.122460  +0.054483  -0.039214  +0.014977  +0.092528
  [150] +0.038413  -0.057335  +0.093551  +0.034994  +0.068495  +0.004180
  [156] +0.024676  +0.043581  -0.011212  +0.084516  -0.067825  -0.038101
  [162] -0.013097  -0.008841  -0.041676  -0.120362  -0.046878  -0.050217
  [168] -0.009875  +0.014156  +0.014279  -0.014253  -0.058872  -0.023061
  [174] +0.047873  +0.051056  +0.021445  +0.013460  -0.081211  -0.058374
  [180] -0.064790  -0.053835  +0.002451  -0.060558  -0.081079  -0.018936
  [186] +0.023050  +0.013985  +0.027315  -0.133707  -0.137763  -0.074855
  [192] -0.053680  +0.111243  -0.011809  -0.014836  +0.104361  +0.082799
  [198] -0.039359  +0.064027  -0.041003  +0.043110  -0.004483  -0.024332
  [204] +0.039730  +0.167411  +0.037010  +0.040347  -0.026499  -0.020625
  [210] +0.029181  +0.039764  -0.021298  +0.014970  +0.026628  +0.039959
  [216] -0.015835  -0.040435  +0.004792  +0.039186  -0.003785  +0.035316
  [222] +0.032667  -0.000000  -0.001541  -0.047807  -0.045771  +0.047595
  [228] +0.094534  -0.001134  +0.014789  -0.011897  +0.057160  +0.050132
  [234] -0.036580  +0.022086  -0.008883  -0.020990  -0.004295  -0.060914
  [240] -0.026418  -0.033342  +0.028111  -0.049392  +0.046661  -0.029912
  [246] +0.059260  -0.068465  +0.014734  +0.028534  -0.033836  +0.012750
  [252] -0.098597  +0.057840  -0.058112  -0.029740  -0.057429  +0.045217
  [258] -0.017411  -0.035792  -0.015686  -0.001096  +0.010427  +0.048596
  [264] -0.044044  -0.033784  +0.087120  +0.022615  -0.005677  -0.057927
  [270] -0.002518  +0.013701  +0.052010  -0.040723  -0.037710  +0.052247
  [276] +0.057162  -0.066843  -0.029192  -0.050130  -0.017793  -0.042114
  [282] -0.024564  -0.004404  +0.063981  +0.027555  +0.035236  +0.135026
  [288] +0.037021  -0.034646  -0.007663  -0.154920  -0.062272  -0.006630
  [294] +0.115154  +0.003513  +0.028438  +0.098450  +0.006026  +0.027671
  [300] +0.023593  +0.012198  +0.029225  +0.056659  +0.090417  +0.002992
  [306] -0.023490  +0.053572  +0.023389  -0.019880  +0.001954  +0.086423
  [312] +0.027005  +0.021665  -0.019548  -0.013529  +0.102515  +0.122842
  [318] +0.017452  -0.000000  -0.066571  -0.059260  -0.005612  +0.004482
  [324] -0.077346  +0.010778  +0.021544  -0.109761  -0.021919  -0.038674
  [330] +0.028496  +0.074548  -0.009717  +0.024734  -0.067095  -0.025497
  [336] -0.032049  +0.002165  -0.005796  +0.052461  +0.040843  +0.021178
  [342] -0.033401  -0.022035  +0.020477  +0.062024  -0.003970  +0.056621
  [348] +0.025752  +0.033395  +0.019843  -0.009367  +0.023725  -0.015592
  [354] -0.076191  +0.169001  +0.048301  +0.037405  +0.027854  +0.041584
  [360] -0.007220  -0.055684  +0.053763  -0.038051  -0.016434  +0.060497
  [366] -0.000755  -0.041316  +0.017351  -0.009482  -0.037031  -0.033001
  [372] -0.063194  +0.004028  -0.035781  +0.030960  -0.042726  -0.012472
  [378] -0.041197  -0.055917  +0.084407  -0.086841  -0.000260  +0.088248

------------------------------------------------------------------------------
[C71]  PPTSF - category - S07
------------------------------------------------------------------------------
  | Scheme: Parag Parikh ELSS Tax Saver Fund (PPFAS Mutual Fund)
  | Topic: Category
  | Keywords: category type of scheme what kind open ended objective elss 80c
  | Fact: Parag Parikh ELSS Tax Saver Fund is an open-ended scheme with attributes in accordance with the Equity Linked Saving Scheme, 2005 notified by the Ministry of Finance. At least 80% of total assets are invested in equity and equity related securities in accordance with that scheme.

  vector (384 dims, L2 norm 1.0000):
  [  0] +0.004984  -0.000206  -0.109155  +0.005278  +0.071033  +0.036476
  [  6] +0.057740  +0.038518  -0.033183  +0.033785  +0.026766  +0.000798
  [ 12] -0.015854  -0.044528  +0.034284  +0.030289  -0.017568  -0.057312
  [ 18] +0.037868  +0.006326  +0.044741  -0.034909  -0.065196  +0.010048
  [ 24] +0.011465  -0.007508  +0.071604  +0.045727  +0.025720  +0.005301
  [ 30] +0.053350  +0.019475  -0.034405  -0.029008  -0.002159  +0.134207
  [ 36] -0.069332  +0.016528  -0.046446  +0.037429  +0.027228  +0.000277
  [ 42] -0.013021  -0.061306  +0.032841  -0.030954  -0.004994  -0.009856
  [ 48] -0.088535  +0.028454  +0.038629  -0.005785  -0.033928  +0.005285
  [ 54] -0.041376  -0.089761  -0.058858  +0.023669  -0.055218  -0.065171
  [ 60] -0.047446  -0.026804  +0.025390  -0.013577  -0.005279  +0.049217
  [ 66] -0.022939  +0.046543  -0.013004  -0.053525  -0.051830  -0.025748
  [ 72] -0.036334  -0.012421  -0.075645  +0.012805  +0.072463  -0.024778
  [ 78] -0.072958  -0.045135  +0.057480  +0.015485  +0.051081  +0.022098
  [ 84] +0.021827  +0.012429  +0.049263  -0.063640  +0.025186  -0.054163
  [ 90] +0.037352  +0.018446  +0.041233  +0.006411  -0.035705  -0.011522
  [ 96] -0.091945  -0.117012  -0.023022  +0.043151  +0.033491  +0.016284
  [102] +0.032948  -0.045865  -0.056489  -0.020842  +0.050646  +0.051451
  [108] +0.010379  +0.006771  -0.021465  +0.104972  +0.005178  -0.027259
  [114] -0.047584  +0.039121  -0.117685  -0.005115  +0.106517  -0.070705
  [120] +0.038065  +0.016349  +0.030113  -0.019206  +0.037864  -0.061904
  [126] -0.016444  +0.000000  -0.110876  +0.020315  +0.093134  -0.096286
  [132] -0.105989  -0.001881  +0.030140  -0.021589  -0.064226  -0.006758
  [138] +0.030813  +0.070062  +0.011751  +0.070983  +0.035642  -0.081067
  [144] -0.036465  +0.097116  +0.026982  -0.026007  +0.042155  +0.057650
  [150] +0.008161  -0.068777  +0.069253  +0.027527  +0.085213  -0.018728
  [156] -0.043311  +0.034759  +0.036094  +0.065869  -0.011822  -0.020574
  [162] -0.027642  +0.014469  +0.022903  -0.069508  -0.019493  -0.114292
  [168] -0.020204  +0.038039  +0.091209  -0.001763  -0.075121  -0.064527
  [174] +0.029169  +0.048467  +0.049900  +0.036567  -0.026222  -0.106435
  [180] -0.041233  -0.046888  -0.009491  -0.081202  -0.106606  -0.046250
  [186] +0.006217  -0.031329  +0.079712  -0.112321  -0.123797  -0.108684
  [192] -0.060110  +0.010462  -0.004294  -0.075337  +0.065520  +0.051561
  [198] -0.099418  +0.075562  -0.018578  +0.016538  +0.003429  -0.038192
  [204] -0.014974  +0.145165  +0.039384  +0.052062  -0.033604  -0.032534
  [210] -0.002692  -0.000372  +0.007608  +0.013417  +0.026355  +0.080297
  [216] -0.025060  -0.018549  +0.031732  +0.043241  +0.006167  +0.067727
  [222] +0.010020  -0.000000  -0.026463  -0.014012  -0.015645  +0.103457
  [228] +0.092553  +0.009433  +0.059631  -0.025906  +0.032889  +0.077171
  [234] +0.009529  +0.002509  +0.042031  -0.046373  +0.053280  -0.078909
  [240] -0.062048  -0.022246  -0.003420  -0.065249  +0.023500  +0.038317
  [246] +0.071093  -0.062897  +0.006426  +0.032534  -0.044072  +0.031294
  [252] -0.094437  +0.056881  -0.061942  -0.033238  -0.079780  +0.032264
  [258] -0.022908  -0.049295  -0.014966  +0.000443  -0.041582  +0.029296
  [264] -0.025454  -0.013765  +0.026876  +0.032213  +0.043852  -0.051269
  [270] +0.008925  +0.035268  +0.064441  -0.017790  -0.026758  +0.026502
  [276] +0.024295  -0.028346  -0.000416  -0.016275  -0.054411  -0.032379
  [282] -0.050178  +0.004645  +0.056154  +0.052195  +0.056423  +0.107063
  [288] +0.048758  -0.066174  +0.014937  -0.058880  -0.025453  -0.007012
  [294] +0.041462  +0.017819  -0.022512  +0.031328  +0.025730  +0.007180
  [300] +0.013100  -0.013207  +0.006695  +0.019766  +0.111976  +0.017337
  [306] -0.008028  +0.031841  +0.023841  -0.008131  -0.029109  +0.023623
  [312] +0.039833  +0.022029  -0.046697  +0.010479  +0.106833  +0.123280
  [318] +0.017087  -0.000000  -0.075733  -0.030292  -0.027526  +0.005946
  [324] -0.092814  -0.054227  +0.005823  -0.059223  -0.029564  -0.015337
  [330] +0.083403  +0.072119  -0.033917  +0.035116  -0.039683  -0.075668
  [336] +0.029442  +0.051749  -0.010425  +0.040062  +0.084220  -0.027213
  [342] -0.068151  -0.016760  +0.056502  +0.046562  +0.011410  +0.050703
  [348] +0.049686  +0.028338  +0.055698  -0.008309  -0.001513  -0.004419
  [354] -0.099691  +0.157377  +0.007451  +0.074610  +0.093131  +0.058290
  [360] +0.011709  -0.070823  +0.012872  -0.015550  -0.018560  +0.074830
  [366] +0.005946  -0.096805  -0.042654  -0.018665  -0.023053  -0.070514
  [372] -0.004709  -0.035884  -0.024109  -0.053233  -0.062531  -0.014649
  [378] +0.031519  -0.090202  +0.110549  -0.067329  +0.004520  +0.094904

------------------------------------------------------------------------------
[C72]  PPCHF - category - S03
------------------------------------------------------------------------------
  | Scheme: Parag Parikh Conservative Hybrid Fund (PPFAS Mutual Fund)
  | Topic: Category
  | Keywords: category type of scheme what kind open ended objective hybrid debt
  | Fact: Parag Parikh Conservative Hybrid Fund is an open-ended hybrid scheme investing predominantly in debt instruments. It seeks regular income from debt and money market instruments plus long-term capital appreciation from its equity portion.

  vector (384 dims, L2 norm 1.0000):
  [  0] +0.022518  -0.032118  -0.143888  -0.017896  +0.008837  -0.003559
  [  6] +0.044014  +0.070600  -0.034020  -0.009492  +0.020185  +0.006669
  [ 12] -0.026049  -0.005709  +0.028219  -0.005455  +0.007506  -0.063057
  [ 18] +0.085954  +0.050086  -0.035742  -0.005103  -0.043309  -0.023404
  [ 24] +0.040968  +0.052725  +0.071491  +0.044803  -0.000716  +0.014930
  [ 30] +0.020200  +0.057590  -0.020052  +0.013549  +0.025771  +0.123401
  [ 36] -0.086605  +0.004974  -0.040092  +0.029152  +0.027079  +0.040238
  [ 42] +0.014259  -0.065819  +0.062814  -0.013814  -0.000089  +0.019386
  [ 48] -0.037485  +0.005087  +0.028203  +0.007764  -0.025837  +0.027972
  [ 54] -0.007063  -0.052319  -0.036797  +0.001904  -0.052878  -0.072665
  [ 60] -0.018121  +0.007755  +0.024309  -0.016962  +0.022831  +0.023072
  [ 66] -0.017139  +0.070938  +0.031373  -0.058897  -0.056648  -0.002253
  [ 72] -0.056501  -0.031502  -0.051501  +0.007359  +0.061252  -0.009040
  [ 78] -0.035646  -0.088532  +0.013667  +0.006178  +0.077173  -0.040392
  [ 84] -0.001542  +0.007583  +0.019500  -0.022751  -0.028532  -0.066674
  [ 90] +0.071385  +0.043463  +0.042040  +0.002445  -0.067724  -0.002311
  [ 96] -0.106178  -0.163510  -0.028416  +0.046271  +0.034683  -0.035286
  [102] +0.071277  -0.009985  -0.047674  -0.001135  +0.037747  -0.024193
  [108] +0.038033  +0.003381  -0.076614  +0.118169  +0.021835  -0.050498
  [114] -0.075914  +0.023417  -0.106141  -0.005565  +0.107615  +0.003625
  [120] -0.006894  -0.038818  -0.018276  +0.018336  +0.024314  -0.016774
  [126] -0.029952  +0.000000  -0.072074  -0.010023  +0.110823  -0.100196
  [132] -0.111389  -0.014843  +0.021506  -0.066510  -0.084664  -0.002498
  [138] +0.047936  +0.056099  -0.021417  +0.074449  +0.031414  -0.100296
  [144] -0.093051  +0.075518  +0.068207  -0.010832  +0.011431  +0.133446
  [150] +0.041619  -0.060129  +0.089443  -0.006889  +0.117585  -0.007700
  [156] -0.010767  +0.037417  -0.004341  +0.029942  -0.044441  -0.009164
  [162] -0.016623  +0.047607  -0.020378  -0.099530  -0.061410  -0.038405
  [168] +0.009047  +0.002223  +0.045654  -0.024948  -0.049379  -0.021721
  [174] +0.058040  +0.063562  +0.011148  +0.052394  -0.071723  -0.066766
  [180] -0.029146  -0.036980  -0.019584  -0.063131  -0.108591  -0.033689
  [186] +0.028983  -0.040894  +0.022075  -0.124779  -0.156593  -0.041318
  [192] -0.094403  +0.073502  -0.048984  -0.014914  +0.111796  +0.092301
  [198] -0.069365  +0.049723  -0.021053  +0.013506  +0.006294  -0.032627
  [204] +0.019195  +0.153125  +0.054467  +0.059604  -0.063912  -0.004268
  [210] +0.014333  +0.035600  -0.039103  +0.046618  +0.070734  +0.022689
  [216] -0.033891  -0.064442  +0.019644  +0.016923  +0.028372  +0.042595
  [222] +0.090449  -0.000000  -0.028263  -0.001236  -0.020557  +0.059454
  [228] +0.083946  -0.002685  -0.006322  -0.006921  +0.012446  +0.072499
  [234] +0.004042  +0.008730  +0.014959  -0.054362  +0.016271  -0.085135
  [240] -0.039200  -0.029800  +0.023091  -0.016749  +0.026871  +0.029325
  [246] +0.005072  -0.039786  -0.003550  +0.021166  -0.021021  +0.024636
  [252] -0.056042  +0.025763  +0.001923  -0.005281  -0.063215  +0.044835
  [258] -0.014034  -0.054782  -0.020701  +0.046738  -0.024397  +0.047408
  [264] -0.009096  -0.009344  +0.061523  +0.004130  +0.006146  -0.039287
  [270] -0.038310  +0.008537  +0.076655  -0.037030  -0.008060  +0.056113
  [276] +0.053175  -0.027477  -0.010023  -0.078931  +0.018512  -0.013760
  [282] -0.022628  +0.004543  +0.026575  +0.020275  +0.051929  +0.094508
  [288] +0.038868  -0.031085  -0.006937  -0.087153  -0.041184  +0.005105
  [294] +0.016583  +0.057898  +0.058270  +0.067339  +0.017838  +0.007502
  [300] +0.035458  -0.006715  +0.034960  +0.050540  +0.113473  -0.021372
  [306] +0.010325  +0.049150  -0.010094  -0.007831  -0.038926  +0.031040
  [312] +0.021341  -0.008055  -0.024405  -0.008995  +0.093538  +0.097674
  [318] +0.021393  -0.000000  -0.049877  -0.052257  -0.047135  +0.003787
  [324] -0.083335  -0.038759  +0.009987  -0.119869  -0.006840  -0.024796
  [330] +0.057300  +0.035104  -0.001448  -0.011232  -0.051347  -0.040140
  [336] -0.004649  -0.019851  -0.008273  +0.042700  +0.015028  +0.001167
  [342] -0.091930  -0.005895  +0.048871  +0.055872  +0.042966  +0.017808
  [348] +0.052221  +0.033041  +0.027173  +0.018359  -0.049824  -0.009622
  [354] -0.089251  +0.157778  +0.087627  +0.064629  +0.042491  +0.032646
  [360] +0.002228  -0.082776  +0.017109  -0.068178  -0.015100  +0.041761
  [366] -0.006585  -0.073320  +0.010349  -0.019149  -0.025629  -0.005550
  [372] -0.011331  -0.030427  -0.035501  -0.008207  -0.043762  -0.020734
  [378] -0.043342  -0.082454  +0.107987  -0.110449  +0.029973  +0.107122

------------------------------------------------------------------------------
[C73]  PPDAAF - category - S04
------------------------------------------------------------------------------
  | Scheme: Parag Parikh Dynamic Asset Allocation Fund (PPFAS Mutual Fund)
  | Topic: Category
  | Keywords: category type of scheme what kind open ended objective dynamic
  | Fact: Parag Parikh Dynamic Asset Allocation Fund is an open-ended dynamic asset allocation fund investing in debt and equity instruments only. The split between equity and fixed income is managed dynamically.

  vector (384 dims, L2 norm 1.0000):
  [  0] +0.005749  -0.031404  -0.113200  +0.036858  -0.012216  -0.009999
  [  6] +0.070496  +0.058173  -0.007148  -0.019132  -0.009300  +0.027314
  [ 12] -0.017462  +0.021898  +0.013520  +0.020046  +0.019314  -0.042236
  [ 18] +0.070123  +0.030691  +0.012778  -0.014013  -0.056167  -0.028904
  [ 24] -0.010231  +0.028518  +0.072094  +0.018703  +0.027306  +0.029182
  [ 30] +0.016536  +0.069231  -0.013703  +0.011004  -0.008037  +0.118653
  [ 36] -0.082115  +0.010783  -0.062613  +0.032490  +0.045021  +0.037960
  [ 42] +0.004375  -0.079949  +0.060832  -0.016847  +0.035893  +0.045481
  [ 48] -0.081912  -0.005131  -0.010062  +0.001305  -0.016703  +0.001910
  [ 54] -0.030367  -0.018776  -0.052516  +0.013096  -0.029354  -0.065361
  [ 60] -0.025699  +0.005489  +0.055313  +0.006501  +0.026344  +0.056623
  [ 66] -0.005426  +0.086817  +0.032325  -0.025128  -0.046091  +0.022560
  [ 72] -0.024177  -0.064562  -0.053190  +0.019238  +0.040416  -0.063528
  [ 78] -0.029983  -0.026887  +0.056692  -0.011069  +0.072497  -0.036153
  [ 84] +0.004483  +0.024326  +0.016317  -0.062534  -0.012523  -0.068197
  [ 90] +0.047117  -0.000974  +0.053107  +0.010141  +0.006515  -0.016720
  [ 96] -0.076096  -0.174628  -0.020881  +0.030452  -0.001178  -0.006903
  [102] -0.000838  +0.006330  -0.078570  -0.025276  +0.029552  +0.005765
  [108] +0.014827  +0.031508  -0.045097  +0.113882  +0.009569  -0.041871
  [114] -0.073632  +0.052121  -0.105238  -0.011769  +0.049954  -0.026166
  [120] +0.016668  -0.024050  -0.027813  +0.019696  +0.016721  -0.022996
  [126] -0.017262  +0.000000  -0.100612  -0.046888  +0.114525  -0.063000
  [132] -0.136126  -0.037633  +0.028960  -0.066060  -0.070615  -0.019451
  [138] +0.049117  +0.105102  -0.051671  +0.094933  +0.056136  -0.114628
  [144] -0.030585  +0.154631  +0.092066  -0.010128  +0.010340  +0.140689
  [150] +0.017105  -0.108628  +0.095946  +0.064529  +0.098986  +0.015968
  [156] -0.026307  +0.033563  +0.001986  -0.001545  -0.081985  -0.037949
  [162] -0.013468  +0.011726  -0.076756  -0.059565  -0.034691  -0.073126
  [168] +0.012551  -0.017088  +0.021201  -0.007870  -0.066576  -0.023978
  [174] +0.068102  +0.054697  -0.045966  +0.028648  -0.057535  -0.070305
  [180] -0.025179  -0.028353  -0.023870  -0.075380  -0.086314  -0.046640
  [186] +0.001445  +0.005732  +0.035997  -0.118168  -0.155584  -0.089377
  [192] -0.041298  +0.052081  -0.003786  -0.012222  +0.083619  +0.082625
  [198] -0.025251  +0.046816  +0.002233  +0.036506  -0.008614  -0.023601
  [204] +0.018101  +0.170340  -0.026171  +0.057487  -0.055071  -0.024369
  [210] +0.034591  +0.033065  -0.029413  +0.055522  +0.075569  -0.001829
  [216] -0.056068  -0.040542  +0.025329  +0.040867  +0.003954  +0.059000
  [222] +0.070322  -0.000000  -0.039122  -0.003026  -0.052309  +0.085837
  [228] +0.096547  -0.008671  -0.017475  +0.000715  +0.044208  +0.034429
  [234] -0.062048  +0.002880  -0.015499  -0.052344  +0.030824  -0.059115
  [240] -0.060187  -0.027120  +0.017791  -0.030341  +0.013203  +0.032816
  [246] +0.049229  -0.100265  +0.009797  +0.060224  -0.000670  +0.043204
  [252] -0.068075  +0.046977  -0.075684  -0.021192  -0.079910  +0.055475
  [258] -0.027540  -0.043607  -0.027335  -0.002002  -0.004393  +0.069015
  [264] -0.029267  -0.004390  +0.042633  +0.037020  +0.004181  -0.043098
  [270] +0.005947  +0.062304  +0.099459  -0.030747  -0.007247  +0.061262
  [276] +0.018155  -0.036847  -0.010837  -0.019384  -0.015239  -0.011740
  [282] +0.012004  +0.034903  +0.020824  +0.020152  +0.055865  +0.108342
  [288] +0.009730  -0.042236  -0.002442  -0.139048  -0.036055  +0.009622
  [294] +0.039409  +0.037714  -0.008408  +0.069804  +0.017353  +0.026935
  [300] -0.000677  +0.020930  +0.018439  +0.040884  +0.077043  -0.008085
  [306] -0.015968  +0.045954  -0.011406  -0.024067  -0.017338  +0.056466
  [312] +0.021611  +0.049287  -0.011743  -0.035263  +0.088223  +0.109221
  [318] -0.010607  -0.000000  -0.058674  -0.037351  +0.013685  -0.005281
  [324] -0.083081  -0.059087  +0.041062  -0.075908  +0.011843  -0.033650
  [330] +0.052794  +0.012458  +0.008122  +0.028076  -0.056614  -0.036036
  [336] -0.047737  -0.010727  -0.044228  +0.037164  +0.051218  -0.015557
  [342] -0.081440  -0.004312  +0.046640  +0.038140  +0.004709  -0.002882
  [348] +0.017175  +0.074004  +0.039157  +0.030773  +0.012414  -0.008993
  [354] -0.089077  +0.155105  +0.028403  +0.036264  +0.009937  +0.042042
  [360] -0.032600  -0.038738  +0.038832  -0.030594  -0.013463  +0.045807
  [366] +0.003975  -0.070107  +0.014159  -0.022474  -0.031191  -0.015586
  [372] -0.052678  -0.036091  -0.004931  +0.001122  -0.016346  -0.028005
  [378] -0.014574  -0.057470  +0.070546  -0.083490  -0.015499  +0.092011

------------------------------------------------------------------------------
[C74]  PPLF - category - S05
------------------------------------------------------------------------------
  | Scheme: Parag Parikh Liquid Fund (PPFAS Mutual Fund)
  | Topic: Category
  | Keywords: category type of scheme what kind open ended objective liquid
  | Fact: Parag Parikh Liquid Fund is an open-ended liquid scheme with relatively low interest rate risk and relatively low credit risk. It invests in money market and debt instruments.

  vector (384 dims, L2 norm 1.0000):
  [  0] +0.019659  -0.047700  -0.088820  -0.004997  +0.039591  +0.013644
  [  6] +0.073538  +0.091690  -0.037506  -0.039658  +0.010253  -0.023350
  [ 12] -0.069469  +0.030304  +0.035055  -0.022880  -0.022382  -0.045966
  [ 18] +0.104512  +0.012715  +0.026808  -0.008210  -0.054415  +0.004620
  [ 24] -0.003299  +0.037058  +0.129947  +0.039965  +0.010755  +0.012871
  [ 30] -0.002035  +0.087365  -0.008518  -0.031569  +0.043588  +0.109370
  [ 36] -0.058032  +0.020994  -0.060107  +0.035121  +0.070012  +0.054168
  [ 42] +0.053179  -0.024310  +0.053476  -0.002704  +0.060317  +0.011004
  [ 48] -0.082009  +0.013417  -0.001611  -0.018399  -0.053560  -0.001813
  [ 54] -0.035315  -0.076439  -0.039110  -0.033345  -0.044972  -0.059389
  [ 60] -0.007005  +0.037093  -0.010075  -0.018447  +0.020672  +0.020402
  [ 66] -0.046098  +0.088333  -0.002768  -0.041830  -0.045594  -0.026331
  [ 72] -0.026536  +0.001829  -0.072794  -0.021752  +0.030546  -0.056339
  [ 78] -0.075162  +0.014514  +0.048496  -0.019792  +0.080538  +0.034320
  [ 84] -0.004173  -0.012720  +0.041306  -0.079916  -0.014347  -0.059743
  [ 90] +0.052637  +0.034472  +0.036642  -0.012579  +0.016450  +0.035458
  [ 96] -0.095398  -0.140644  +0.002650  +0.022544  +0.028444  -0.009981
  [102] +0.021867  -0.007271  -0.047181  +0.007376  +0.050935  +0.009882
  [108] +0.058436  +0.013980  -0.055141  +0.074014  +0.001910  -0.080944
  [114] -0.057919  +0.050810  -0.136004  -0.013764  +0.057779  +0.003823
  [120] -0.003634  -0.002913  -0.021383  +0.010496  +0.023679  +0.000835
  [126] -0.027726  +0.000000  -0.083342  -0.035499  +0.088211  -0.072955
  [132] -0.119929  +0.022133  -0.004686  -0.102920  -0.059244  +0.004859
  [138] +0.051158  +0.071403  -0.094122  +0.083994  -0.008109  -0.111891
  [144] -0.019721  +0.105505  +0.061086  -0.004875  +0.020870  +0.102368
  [150] -0.015057  -0.097178  +0.073650  +0.032371  +0.068144  +0.000924
  [156] +0.015290  +0.016013  -0.025717  +0.041632  -0.022110  -0.004517
  [162] -0.037762  +0.037164  -0.033465  -0.096263  -0.019469  -0.073789
  [168] -0.020578  +0.027997  +0.043289  +0.017201  -0.050622  -0.029013
  [174] -0.001117  -0.012191  +0.013784  -0.030277  -0.045548  -0.080251
  [180] -0.056047  +0.003580  -0.029157  -0.061499  -0.080583  +0.002223
  [186] -0.031233  -0.002795  +0.010803  -0.075414  -0.153474  -0.093198
  [192] -0.069778  +0.061437  -0.022448  -0.024049  +0.107636  +0.041236
  [198] -0.097122  +0.082363  -0.019692  +0.002455  -0.010729  -0.034113
  [204] +0.050818  +0.145864  +0.058982  +0.046720  -0.036765  -0.086958
  [210] +0.046992  +0.042747  -0.033748  +0.040559  +0.011492  +0.028521
  [216] -0.032489  -0.009730  -0.017362  +0.024827  +0.036527  +0.079901
  [222] +0.075444  -0.000000  -0.075606  -0.017130  -0.033748  +0.102063
  [228] +0.114886  +0.003269  +0.035060  -0.013606  +0.088708  +0.063139
  [234] -0.055115  +0.030733  +0.029782  -0.044159  +0.021274  -0.072267
  [240] -0.037508  +0.010819  +0.026229  -0.046926  -0.007053  +0.033389
  [246] +0.045998  -0.072876  -0.001279  +0.033705  -0.036005  +0.018277
  [252] -0.066382  +0.077216  -0.019507  +0.004646  -0.004451  +0.038416
  [258] -0.042460  -0.018061  +0.004936  +0.023184  -0.056437  +0.066399
  [264] -0.010584  -0.025234  +0.044096  -0.010204  -0.011028  +0.018256
  [270] +0.013409  -0.000013  +0.084745  -0.054549  -0.048355  +0.042135
  [276] +0.037314  -0.028052  -0.010361  -0.060603  -0.019839  -0.028131
  [282] -0.003692  +0.033314  +0.027421  +0.073482  +0.035927  +0.066970
  [288] +0.044787  -0.048072  -0.004648  -0.072206  -0.059781  -0.032141
  [294] +0.079680  +0.046920  +0.028868  +0.065101  +0.036858  -0.016531
  [300] +0.013699  +0.034275  -0.002296  +0.036945  +0.153071  +0.046016
  [306] -0.040938  +0.052683  +0.041291  -0.045180  +0.000634  +0.029574
  [312] -0.000959  +0.047234  -0.044673  -0.041875  +0.081469  +0.096539
  [318] -0.002701  -0.000000  -0.074323  -0.046682  +0.020468  -0.002526
  [324] -0.098813  -0.040455  -0.009628  -0.037240  +0.024855  -0.025564
  [330] +0.039065  +0.047068  -0.016571  -0.000549  -0.038898  -0.028313
  [336] -0.049160  -0.029229  -0.015411  +0.063801  +0.052387  -0.009517
  [342] -0.088487  -0.034208  +0.020244  +0.056677  +0.036018  +0.039761
  [348] +0.047975  +0.035754  +0.015712  +0.020342  +0.003963  +0.043988
  [354] -0.077703  +0.154305  +0.041227  +0.023245  +0.015460  +0.039819
  [360] -0.031300  -0.070400  +0.009334  -0.048927  +0.011139  +0.043450
  [366] +0.002329  -0.064500  -0.001878  +0.003077  -0.043161  +0.002440
  [372] -0.032396  -0.005771  -0.016422  +0.002183  -0.073922  +0.008918
  [378] -0.032375  -0.088823  +0.090601  -0.081580  +0.032614  +0.102193

------------------------------------------------------------------------------
[C80]  PPFCF - inception - S07
------------------------------------------------------------------------------
  | Scheme: Parag Parikh Flexi Cap Fund (PPFAS Mutual Fund)
  | Topic: Inception
  | Keywords: inception date allotment launched when started age nfo
  | Fact: Parag Parikh Flexi Cap Fund's date of inception / allotment is May 24, 2013.

  vector (384 dims, L2 norm 1.0000):
  [  0] -0.034441  -0.020667  -0.070031  +0.028198  +0.066014  +0.056028
  [  6] +0.043072  +0.051132  -0.036287  -0.003848  +0.031690  -0.037298
  [ 12] -0.062047  +0.016011  +0.003182  -0.003208  -0.054371  -0.055496
  [ 18] +0.074810  -0.035803  +0.035571  -0.045981  -0.022365  -0.030733
  [ 24] +0.050502  +0.063453  +0.026120  -0.013363  +0.045154  +0.000873
  [ 30] -0.004604  +0.093114  +0.006904  +0.013762  +0.049494  +0.074454
  [ 36] -0.080018  +0.007697  +0.015291  +0.023924  -0.003267  -0.049411
  [ 42] -0.008099  -0.048737  +0.070647  -0.001133  +0.017755  +0.067887
  [ 48] -0.035350  +0.076499  -0.041972  -0.041553  +0.025857  -0.038154
  [ 54] +0.013887  +0.030885  -0.050376  -0.044628  -0.024274  -0.042573
  [ 60] -0.051552  -0.043890  -0.043616  -0.014252  +0.043947  +0.057648
  [ 66] -0.002041  +0.021555  +0.012756  -0.038722  -0.004152  +0.019704
  [ 72] -0.054732  -0.053557  -0.045407  +0.068158  +0.048727  +0.028200
  [ 78] +0.000242  -0.111092  +0.010317  -0.049025  +0.090512  +0.005909
  [ 84] +0.018566  +0.031541  -0.028769  -0.022245  -0.046578  -0.030587
  [ 90] +0.007315  +0.024677  +0.000649  +0.082945  -0.007040  -0.001966
  [ 96] -0.113610  -0.098085  +0.046536  +0.061467  +0.009775  -0.003697
  [102] -0.044935  -0.016465  -0.039146  +0.014048  -0.027961  -0.004454
  [108] +0.029862  +0.023515  -0.043151  +0.088791  +0.033452  -0.025605
  [114] -0.030484  +0.053790  -0.110753  +0.007388  +0.117424  -0.024104
  [120] -0.028434  +0.048322  -0.033857  -0.026472  -0.107096  -0.022896
  [126] -0.028427  +0.000000  -0.043814  -0.012589  +0.082664  -0.008113
  [132] -0.070633  -0.032518  +0.002830  -0.085905  -0.053156  -0.036191
  [138] +0.017520  -0.002058  -0.032105  -0.086447  -0.007805  -0.140896
  [144] +0.031190  +0.086118  +0.071869  -0.042358  +0.029059  +0.001626
  [150] -0.027356  -0.073462  +0.108298  +0.039503  +0.030191  -0.009700
  [156] -0.020036  +0.053234  -0.020931  +0.031228  -0.074856  -0.034068
  [162] +0.031279  -0.009838  +0.014523  -0.127093  -0.075803  -0.036072
  [168] -0.006095  +0.005146  +0.014197  -0.112699  -0.080073  -0.008812
  [174] +0.022644  +0.040922  +0.098444  +0.021398  -0.096638  -0.026630
  [180] -0.070149  -0.059499  +0.025214  -0.011131  -0.094040  -0.035926
  [186] +0.049326  -0.017197  +0.091166  -0.107103  -0.108132  -0.087207
  [192] -0.094510  +0.102644  -0.003196  -0.003578  +0.067681  +0.099936
  [198] -0.009889  +0.082649  -0.047447  -0.004951  +0.052330  -0.013516
  [204] +0.061261  +0.142132  +0.012863  +0.110045  +0.006905  +0.032215
  [210] +0.024325  +0.037413  -0.018081  +0.048289  +0.052894  +0.039878
  [216] -0.002503  -0.042418  -0.012128  -0.005701  +0.022086  +0.046017
  [222] -0.008782  -0.000000  -0.014812  -0.005167  -0.004312  +0.053987
  [228] +0.100982  -0.053134  -0.027530  +0.043867  +0.079446  +0.057622
  [234] +0.055392  +0.003758  -0.002878  -0.043603  -0.002077  -0.019499
  [240] -0.007405  -0.034762  -0.013305  +0.000039  +0.010022  -0.065867
  [246] -0.070368  -0.057827  +0.003003  +0.026802  +0.065309  +0.013451
  [252] -0.065711  +0.057900  -0.064114  -0.060150  -0.111636  +0.072619
  [258] -0.047111  -0.010421  -0.020060  -0.019708  -0.008668  +0.013610
  [264] -0.034376  +0.012743  +0.015473  +0.010940  -0.055453  -0.071691
  [270] -0.020062  +0.003776  +0.078297  -0.041905  -0.032530  +0.062115
  [276] +0.070780  -0.074474  -0.061445  -0.007856  +0.025043  -0.003074
  [282] +0.039429  -0.008162  +0.034048  +0.034470  -0.045714  +0.076122
  [288] +0.025247  -0.070039  -0.014509  -0.056372  -0.061140  -0.030478
  [294] +0.096036  +0.003033  -0.041296  +0.114158  -0.067546  +0.039648
  [300] +0.027288  +0.011768  -0.001594  -0.003219  +0.095574  +0.021661
  [306] -0.091086  +0.088227  +0.036747  +0.040642  +0.048110  +0.017931
  [312] +0.003052  -0.017313  -0.034096  -0.069844  -0.003754  +0.140352
  [318] +0.009876  -0.000000  -0.041008  +0.007456  -0.046121  +0.014749
  [324] +0.069384  -0.005457  +0.043529  -0.048187  +0.017747  -0.050532
  [330] +0.032519  +0.067335  -0.021835  +0.004138  -0.024639  -0.009545
  [336] -0.079874  +0.018081  +0.009637  -0.014045  +0.032771  +0.024136
  [342] +0.028182  -0.051362  -0.008842  +0.042135  +0.010860  +0.111297
  [348] +0.015845  +0.029476  -0.002487  +0.024507  +0.001086  -0.079365
  [354] -0.094470  +0.172292  +0.010166  +0.013916  -0.020051  +0.022519
  [360] +0.008561  -0.010113  +0.066758  +0.008043  -0.029126  +0.070080
  [366] -0.014675  -0.044498  +0.021462  -0.034509  -0.061414  -0.022255
  [372] +0.025415  +0.002733  +0.008827  +0.049331  -0.014118  -0.022200
  [378] -0.025032  -0.045256  +0.128321  -0.086789  -0.008940  +0.091604

------------------------------------------------------------------------------
[C81]  PPTSF - inception - S07
------------------------------------------------------------------------------
  | Scheme: Parag Parikh ELSS Tax Saver Fund (PPFAS Mutual Fund)
  | Topic: Inception
  | Keywords: inception date allotment launched when started age nfo
  | Fact: Parag Parikh ELSS Tax Saver Fund's date of inception / allotment is July 24, 2019.

  vector (384 dims, L2 norm 1.0000):
  [  0] -0.046513  -0.008718  -0.072205  -0.005897  +0.062594  +0.056344
  [  6] +0.029030  +0.019443  -0.024948  +0.022129  +0.040530  -0.037703
  [ 12] -0.032771  -0.043870  +0.004097  +0.016771  -0.074604  -0.066148
  [ 18] +0.084360  -0.057952  +0.050229  -0.051891  -0.071582  -0.020028
  [ 24] +0.065782  +0.036745  +0.059023  -0.010903  +0.057419  +0.004407
  [ 30] +0.047646  +0.046063  -0.021747  -0.001085  +0.040312  +0.083692
  [ 36] -0.056895  +0.014196  -0.010054  +0.017233  +0.004253  -0.060853
  [ 42] -0.042511  -0.073629  +0.040812  -0.017187  +0.023013  +0.056691
  [ 48] -0.052686  +0.087896  -0.016150  -0.037712  +0.010615  -0.030515
  [ 54] +0.002649  -0.027726  -0.040294  +0.002511  -0.034667  -0.059537
  [ 60] -0.083830  -0.053286  -0.035552  -0.022878  +0.032678  +0.062840
  [ 66] +0.020737  +0.001315  +0.011129  -0.043175  -0.021313  +0.005527
  [ 72] -0.023657  -0.058531  -0.057023  +0.057369  +0.051804  +0.017519
  [ 78] -0.026318  -0.124449  +0.045159  -0.018915  +0.066405  +0.007673
  [ 84] +0.030397  +0.023194  +0.007537  -0.032238  +0.006126  -0.038268
  [ 90] +0.028124  +0.018822  -0.014315  +0.074577  -0.045562  -0.007781
  [ 96] -0.106213  -0.078427  +0.050131  +0.046120  +0.031933  +0.020230
  [102] -0.010658  -0.014105  -0.031837  +0.022274  -0.009078  +0.028386
  [108] +0.009783  +0.025596  -0.033097  +0.099942  +0.060954  -0.017364
  [114] -0.037114  +0.069642  -0.111322  -0.004290  +0.117866  -0.075293
  [120] +0.039305  +0.049915  -0.025912  -0.033955  -0.071373  -0.045871
  [126] +0.005179  +0.000000  -0.075352  +0.022632  +0.095025  -0.041291
  [132] -0.079848  -0.012883  +0.045780  -0.046208  -0.037124  -0.052809
  [138] -0.013331  -0.036841  -0.004381  -0.059494  -0.009397  -0.118139
  [144] +0.014168  +0.050081  +0.042833  -0.024588  +0.042524  -0.021379
  [150] -0.039815  -0.081969  +0.088202  +0.027383  +0.065630  -0.028367
  [156] -0.070572  +0.049920  +0.012501  +0.044804  -0.049188  -0.006044
  [162] +0.018002  +0.004547  +0.052414  -0.084639  -0.053884  -0.082091
  [168] +0.004942  +0.024918  +0.042683  -0.081741  -0.093721  -0.063716
  [174] +0.021593  +0.042208  +0.099031  +0.026088  -0.048429  -0.067372
  [180] -0.023373  -0.062187  +0.030305  -0.030830  -0.115525  -0.069523
  [186] +0.041075  -0.031900  +0.135127  -0.094503  -0.105965  -0.072728
  [192] -0.111178  +0.037489  +0.004448  -0.038701  +0.057750  +0.077119
  [198] -0.041156  +0.079903  -0.034863  -0.036895  +0.062055  -0.030503
  [204] +0.032159  +0.133976  +0.029778  +0.111687  -0.006979  +0.036860
  [210] +0.011344  -0.008102  +0.000840  +0.023957  +0.065078  +0.092880
  [216] -0.003037  -0.045529  +0.018607  -0.006616  +0.030667  +0.079307
  [222] -0.000785  -0.000000  -0.022711  +0.026357  +0.012524  +0.087157
  [228] +0.092853  -0.044589  +0.055387  +0.047897  +0.058433  +0.066442
  [234] +0.059610  +0.021621  +0.039636  -0.059980  +0.068985  -0.016880
  [240] -0.012939  -0.028292  -0.037168  -0.040592  -0.003333  -0.007906
  [246] -0.046442  -0.064025  -0.024559  +0.017664  +0.055545  +0.020580
  [252] -0.076991  +0.055776  -0.078311  -0.045728  -0.115880  +0.066795
  [258] -0.027072  -0.031879  -0.002009  -0.010082  -0.033852  +0.003395
  [264] -0.053278  +0.033526  -0.023100  +0.040049  +0.002851  -0.066869
  [270] +0.009213  +0.037993  +0.074836  -0.023086  -0.023355  +0.047986
  [276] +0.047119  -0.039518  -0.024210  +0.014110  -0.024605  +0.003681
  [282] +0.001801  +0.002531  +0.019863  +0.056000  -0.010658  +0.059468
  [288] +0.029096  -0.077032  +0.014138  -0.009375  +0.000584  -0.030629
  [294] +0.064920  +0.022243  -0.102751  +0.057067  -0.043967  +0.022097
  [300] +0.021497  +0.013303  -0.010965  -0.002334  +0.102765  +0.046043
  [306] -0.070212  +0.061734  +0.021053  +0.028977  +0.023249  -0.013233
  [312] +0.018418  -0.030111  -0.038886  -0.054132  +0.010176  +0.136350
  [318] +0.036764  -0.000000  -0.041180  +0.027276  -0.079105  +0.012460
  [324] +0.032602  -0.061624  +0.045009  -0.028638  +0.019173  -0.026513
  [330] +0.091817  +0.044857  -0.011049  +0.007350  -0.017297  -0.044149
  [336] -0.044192  +0.056618  -0.014876  -0.001893  +0.080520  -0.001668
  [342] -0.020464  -0.034032  +0.024710  +0.036209  +0.021063  +0.071627
  [348] +0.020267  +0.029437  +0.018676  +0.022689  -0.018738  -0.073372
  [354] -0.125434  +0.148208  -0.003096  +0.050476  +0.055503  +0.028314
  [360] +0.023404  -0.030619  +0.041766  +0.004363  -0.055477  +0.080192
  [366] -0.021078  -0.079451  -0.027752  -0.039141  -0.039388  -0.047101
  [372] +0.049195  -0.031207  +0.019304  -0.022849  -0.046266  -0.033686
  [378] +0.012177  -0.080973  +0.152792  -0.079168  -0.006675  +0.094156

------------------------------------------------------------------------------
[C82]  PPCHF - inception - S07
------------------------------------------------------------------------------
  | Scheme: Parag Parikh Conservative Hybrid Fund (PPFAS Mutual Fund)
  | Topic: Inception
  | Keywords: inception date allotment launched when started age nfo
  | Fact: Parag Parikh Conservative Hybrid Fund's date of inception / allotment is May 26, 2021.

  vector (384 dims, L2 norm 1.0000):
  [  0] -0.021218  -0.028962  -0.084006  +0.020676  +0.022017  +0.042944
  [  6] +0.012107  +0.026116  -0.036224  +0.001774  +0.029362  -0.018083
  [ 12] -0.043636  -0.007110  +0.021164  +0.013358  -0.032850  -0.081077
  [ 18] +0.086293  -0.024014  -0.006976  -0.044237  -0.048200  -0.023060
  [ 24] +0.053989  +0.060086  +0.047276  -0.007747  +0.042725  +0.019248
  [ 30] +0.018837  +0.069693  -0.038369  +0.021951  +0.049888  +0.065847
  [ 36] -0.090663  +0.012426  +0.004597  +0.027939  +0.001260  -0.056480
  [ 42] -0.033951  -0.039997  +0.078436  +0.012372  +0.015332  +0.069271
  [ 48] -0.042790  +0.055268  -0.035809  -0.049124  +0.014792  -0.046512
  [ 54] +0.014099  -0.006572  -0.020636  -0.024672  -0.032432  -0.060601
  [ 60] -0.067627  -0.036501  -0.053305  -0.026924  +0.033388  +0.035436
  [ 66] +0.005359  +0.021865  +0.051645  -0.049174  -0.012686  +0.017349
  [ 72] -0.021448  -0.053441  -0.041277  +0.065702  +0.052074  +0.032080
  [ 78] +0.008659  -0.167585  +0.036868  -0.030637  +0.105991  -0.025710
  [ 84] +0.016089  +0.027190  -0.014222  +0.007066  -0.036904  -0.054369
  [ 90] +0.023562  +0.030310  -0.009626  +0.070367  -0.027656  -0.009792
  [ 96] -0.109332  -0.121294  +0.037127  +0.047961  +0.032358  -0.009271
  [102] -0.006550  +0.006798  -0.048238  +0.020309  -0.017089  +0.007038
  [108] +0.025985  +0.018952  -0.064005  +0.096651  +0.068087  -0.016231
  [114] -0.052976  +0.050263  -0.093740  -0.006758  +0.121444  -0.033878
  [120] -0.031897  +0.022499  -0.047002  -0.013946  -0.097453  -0.020096
  [126] -0.004337  +0.000000  -0.064260  -0.016186  +0.088577  -0.023423
  [132] -0.085337  -0.020860  +0.035584  -0.100643  -0.031764  -0.050227
  [138] +0.012105  -0.033846  -0.045142  -0.059507  -0.026594  -0.153058
  [144] -0.002152  +0.080939  +0.069751  -0.035272  +0.026667  +0.027946
  [150] -0.056938  -0.079756  +0.110163  +0.022634  +0.072081  -0.014846
  [156] -0.055002  +0.050725  -0.006432  +0.000710  -0.080194  -0.014503
  [162] +0.030562  -0.001740  +0.016534  -0.100281  -0.076627  -0.041218
  [168] +0.011155  +0.005944  +0.030421  -0.097693  -0.070843  -0.009661
  [174] +0.045082  +0.052128  +0.067657  +0.026792  -0.088665  -0.028676
  [180] -0.044126  -0.039563  +0.011351  -0.027765  -0.102653  -0.060637
  [186] +0.042858  -0.048559  +0.110865  -0.067129  -0.132010  -0.083933
  [192] -0.113034  +0.065626  -0.019571  -0.007734  +0.066715  +0.107839
  [198] -0.002080  +0.071292  -0.033682  -0.042683  +0.056780  -0.024409
  [204] +0.073065  +0.137038  +0.047984  +0.111569  -0.004699  +0.041092
  [210] +0.012033  +0.031569  -0.028254  +0.051566  +0.077399  +0.047212
  [216] -0.027648  -0.064583  +0.022326  -0.019143  +0.050253  +0.083561
  [222] +0.033678  -0.000000  -0.024889  +0.022489  +0.024870  +0.074138
  [228] +0.087173  -0.041520  -0.002036  +0.050910  +0.073269  +0.070934
  [234] +0.069543  +0.023594  +0.039968  -0.053434  +0.004132  -0.040392
  [240] -0.010089  -0.021613  -0.014106  +0.003930  -0.003780  -0.031402
  [246] -0.075531  -0.041250  +0.009833  +0.019471  +0.089727  +0.006807
  [252] -0.045194  +0.046870  -0.039000  -0.059431  -0.113616  +0.080290
  [258] -0.039661  -0.035956  -0.005130  +0.006160  -0.029723  +0.026819
  [264] -0.052654  +0.015082  +0.004539  +0.015167  -0.030317  -0.052979
  [270] -0.023589  +0.032429  +0.090831  -0.048570  -0.013573  +0.064353
  [276] +0.082853  -0.051891  -0.040400  -0.027019  +0.033846  +0.017547
  [282] +0.032509  +0.000758  +0.006673  +0.043172  -0.013410  +0.056529
  [288] +0.011762  -0.060767  -0.017423  -0.004635  -0.016740  -0.021430
  [294] +0.041541  +0.035079  -0.055445  +0.083566  -0.039041  +0.022270
  [300] +0.057447  +0.001903  +0.017546  +0.011022  +0.107122  +0.016231
  [306] -0.070756  +0.073766  +0.020708  +0.031536  +0.017945  -0.002487
  [312] +0.005037  -0.037539  -0.039555  -0.064968  -0.006515  +0.125100
  [318] +0.015670  -0.000000  -0.020862  +0.009929  -0.058368  +0.004192
  [324] +0.037685  -0.046292  +0.030548  -0.064521  +0.045333  -0.024451
  [330] +0.052751  +0.040927  -0.007373  +0.001254  -0.025524  -0.015165
  [336] -0.067858  +0.000613  +0.010450  -0.008228  +0.022962  -0.002967
  [342] -0.001070  -0.036630  +0.012783  +0.044588  +0.039252  +0.057847
  [348] +0.009062  +0.034202  +0.004828  +0.029177  -0.051103  -0.050406
  [354] -0.110047  +0.169320  +0.009565  +0.048028  -0.003562  +0.017161
  [360] +0.019498  -0.035206  +0.049975  +0.005539  -0.037720  +0.056110
  [366] -0.009036  -0.065658  -0.005540  -0.038273  -0.042954  -0.007111
  [372] +0.037751  -0.026701  +0.003922  +0.036130  -0.034656  -0.041926
  [378] -0.030159  -0.050384  +0.135580  -0.098961  +0.002769  +0.104406

------------------------------------------------------------------------------
[C83]  PPDAAF - inception - S07
------------------------------------------------------------------------------
  | Scheme: Parag Parikh Dynamic Asset Allocation Fund (PPFAS Mutual Fund)
  | Topic: Inception
  | Keywords: inception date allotment launched when started age nfo
  | Fact: Parag Parikh Dynamic Asset Allocation Fund's date of inception / allotment is February 27, 2024.

  vector (384 dims, L2 norm 1.0000):
  [  0] -0.047279  -0.022358  -0.084406  +0.021452  -0.003990  +0.034175
  [  6] +0.023615  +0.037228  -0.022746  -0.005658  +0.001749  -0.015248
  [ 12] -0.038022  +0.011377  +0.007666  +0.009974  -0.038412  -0.080782
  [ 18] +0.106870  -0.034483  +0.034620  -0.030973  -0.064797  -0.044389
  [ 24] +0.043131  +0.062242  +0.055721  -0.027005  +0.048952  +0.039554
  [ 30] +0.015053  +0.073997  -0.002951  +0.016712  +0.025416  +0.075550
  [ 36] -0.089131  +0.006408  -0.029510  +0.014312  +0.033405  -0.039920
  [ 42] -0.027816  -0.054282  +0.083818  -0.003533  +0.035642  +0.084045
  [ 48] -0.044926  +0.041700  -0.058237  -0.025355  +0.010191  -0.018012
  [ 54] +0.004317  +0.003297  -0.033375  -0.015884  -0.028684  -0.041201
  [ 60] -0.062280  -0.054145  -0.016514  -0.019569  +0.053066  +0.051683
  [ 66] +0.023799  +0.025416  +0.035347  -0.021088  -0.019820  +0.030638
  [ 72] -0.008572  -0.073920  -0.035917  +0.068356  +0.021765  -0.011641
  [ 78] +0.008630  -0.132229  +0.047913  -0.048607  +0.089009  -0.010664
  [ 84] +0.012648  +0.051931  -0.007460  -0.006552  -0.028675  -0.052584
  [ 90] +0.031789  +0.001933  -0.000110  +0.076481  -0.031672  +0.008683
  [ 96] -0.109501  -0.124772  +0.037940  +0.036826  +0.019809  -0.007530
  [102] -0.014539  +0.011756  -0.049777  +0.020251  -0.008493  +0.008758
  [108] +0.005267  +0.030524  -0.061992  +0.098584  +0.044307  -0.029879
  [114] -0.047099  +0.063974  -0.095643  +0.002956  +0.090581  -0.048268
  [120] +0.010444  +0.039142  -0.048674  +0.005698  -0.075247  -0.029971
  [126] -0.014012  +0.000000  -0.067120  -0.018007  +0.115191  -0.020755
  [132] -0.117413  -0.028899  +0.042816  -0.079764  -0.035072  -0.035142
  [138] +0.008693  -0.006118  -0.051002  -0.028839  +0.011400  -0.147742
  [144] +0.029297  +0.119492  +0.100517  -0.026855  +0.021811  +0.029143
  [150] -0.046371  -0.097843  +0.122090  +0.076460  +0.070552  -0.018820
  [156] -0.039339  +0.042656  +0.013351  -0.002168  -0.091039  -0.025706
  [162] +0.009340  -0.026896  -0.019898  -0.083124  -0.056362  -0.048413
  [168] +0.021400  -0.003994  -0.002742  -0.093718  -0.085368  -0.033936
  [174] +0.048292  +0.056832  +0.049694  +0.037641  -0.067394  -0.038226
  [180] -0.045738  -0.039800  +0.011355  -0.043180  -0.082097  -0.065607
  [186] +0.028056  -0.027462  +0.099593  -0.092654  -0.122103  -0.094686
  [192] -0.107737  +0.061605  +0.000047  -0.003408  +0.046314  +0.094512
  [198] -0.016433  +0.053684  -0.026948  -0.020398  +0.050544  -0.031576
  [204] +0.068721  +0.147733  +0.006037  +0.118797  -0.034146  +0.035402
  [210] +0.025686  +0.032071  -0.032257  +0.057428  +0.089375  +0.025374
  [216] -0.045408  -0.060047  +0.031037  -0.008498  +0.026870  +0.096049
  [222] +0.015743  -0.000000  -0.021098  +0.018285  -0.006053  +0.075378
  [228] +0.094289  -0.060172  +0.006054  +0.067485  +0.066885  +0.044361
  [234] +0.032254  +0.023761  +0.035038  -0.063809  +0.048529  -0.026363
  [240] -0.013748  -0.024057  -0.016070  -0.028854  -0.000187  -0.014015
  [246] -0.023164  -0.067079  +0.000900  +0.027199  +0.088948  +0.022377
  [252] -0.039472  +0.049379  -0.079574  -0.069408  -0.114249  +0.085705
  [258] -0.043452  -0.049507  -0.002421  -0.000853  -0.016696  +0.036059
  [264] -0.034861  +0.013335  +0.003193  +0.043440  -0.028905  -0.055986
  [270] +0.014513  +0.067124  +0.096957  -0.048563  -0.008787  +0.086917
  [276] +0.043501  -0.052054  -0.027681  +0.006330  -0.002613  +0.005272
  [282] +0.059070  +0.009519  +0.016449  +0.041477  -0.011029  +0.066938
  [288] -0.012482  -0.049731  -0.017866  -0.046252  -0.033526  -0.017224
  [294] +0.072972  +0.020968  -0.078744  +0.094326  -0.044153  +0.027940
  [300] +0.027306  +0.031164  +0.027523  +0.011088  +0.063132  +0.036440
  [306] -0.059377  +0.073812  +0.024100  +0.015929  +0.049999  +0.013036
  [312] +0.006327  -0.015143  -0.042552  -0.045482  +0.007865  +0.138085
  [318] +0.020805  -0.000000  -0.035833  +0.012537  -0.022756  -0.017227
  [324] +0.018108  -0.059890  +0.049005  -0.040245  +0.039974  -0.037567
  [330] +0.073169  +0.018087  +0.001303  +0.012300  -0.025765  -0.020229
  [336] -0.089946  -0.006799  -0.015491  -0.025191  +0.033518  -0.019599
  [342] -0.006920  -0.054548  +0.023413  +0.025671  +0.008111  +0.047976
  [348] +0.004674  +0.052866  +0.007655  +0.024387  -0.008107  -0.079631
  [354] -0.095572  +0.158706  -0.003445  +0.038888  -0.004624  +0.018008
  [360] -0.006596  -0.030178  +0.054734  +0.009557  -0.017887  +0.048269
  [366] -0.006866  -0.068089  +0.009874  -0.053574  -0.029056  -0.019440
  [372] -0.004291  -0.019593  +0.020896  +0.032977  -0.019182  -0.050260
  [378] -0.021825  -0.043326  +0.116779  -0.096338  -0.048958  +0.101175

------------------------------------------------------------------------------
[C84]  PPLF - inception - S07
------------------------------------------------------------------------------
  | Scheme: Parag Parikh Liquid Fund (PPFAS Mutual Fund)
  | Topic: Inception
  | Keywords: inception date allotment launched when started age nfo
  | Fact: Parag Parikh Liquid Fund's date of inception / allotment is May 11, 2018.

  vector (384 dims, L2 norm 1.0000):
  [  0] -0.053110  -0.015922  -0.059078  +0.006194  +0.037960  +0.048608
  [  6] +0.047037  +0.049279  -0.045188  -0.023307  +0.008859  -0.041020
  [ 12] -0.076874  +0.025761  +0.007777  -0.007692  -0.035876  -0.062849
  [ 18] +0.084891  -0.054121  +0.043465  -0.044427  -0.054263  -0.019371
  [ 24] +0.057339  +0.072286  +0.071784  -0.015334  +0.044806  +0.018842
  [ 30] +0.005403  +0.082884  -0.019442  +0.006847  +0.062253  +0.060613
  [ 36] -0.086683  +0.016435  -0.016650  +0.025790  +0.024092  -0.054442
  [ 42] -0.009263  -0.027171  +0.080375  +0.015109  +0.041495  +0.088200
  [ 48] -0.044682  +0.076295  -0.064411  -0.062412  -0.002496  -0.033469
  [ 54] +0.000296  -0.002793  -0.009065  -0.036894  -0.030793  -0.048663
  [ 60] -0.075984  -0.010334  -0.055803  -0.011452  +0.049915  +0.041451
  [ 66] -0.005196  +0.029274  +0.015610  -0.027562  +0.007839  +0.010184
  [ 72] -0.011618  -0.038006  -0.054051  +0.045715  +0.031206  +0.009763
  [ 78] -0.006146  -0.113930  +0.047036  -0.032932  +0.089517  +0.013127
  [ 84] +0.005706  +0.025050  -0.011200  -0.009470  -0.036770  -0.043159
  [ 90] +0.026532  +0.023711  -0.007683  +0.073991  +0.008652  +0.013925
  [ 96] -0.118994  -0.105668  +0.060765  +0.032586  +0.026790  +0.008255
  [102] -0.031062  -0.002816  -0.027901  +0.035500  -0.003969  +0.009420
  [108] +0.045114  +0.015881  -0.068515  +0.080263  +0.051782  -0.042343
  [114] -0.025640  +0.061043  -0.087313  -0.000655  +0.090457  -0.020422
  [120] -0.013773  +0.048334  -0.054608  -0.017313  -0.097675  -0.013467
  [126] -0.011554  +0.000000  -0.061506  -0.032588  +0.084952  +0.001267
  [132] -0.099274  -0.014836  +0.004935  -0.100427  -0.019498  -0.049768
  [138] -0.010626  -0.031123  -0.074775  -0.059899  -0.054142  -0.149385
  [144] +0.039624  +0.094142  +0.081559  -0.037051  +0.038161  -0.008602
  [150] -0.069563  -0.104195  +0.093316  +0.051737  +0.028293  -0.011477
  [156] -0.030579  +0.038725  -0.002587  +0.013657  -0.084644  -0.017022
  [162] +0.002428  +0.000046  +0.017284  -0.110770  -0.053551  -0.054768
  [168] -0.006282  +0.017811  +0.010447  -0.091186  -0.086890  -0.015360
  [174] +0.000231  +0.009470  +0.101768  -0.014095  -0.075564  -0.044037
  [180] -0.038913  -0.035361  +0.009863  -0.025604  -0.095343  -0.055621
  [186] +0.025063  -0.032234  +0.088986  -0.074122  -0.130233  -0.082523
  [192] -0.115592  +0.075703  +0.008316  +0.004196  +0.069239  +0.068990
  [198] -0.032577  +0.080968  -0.042773  -0.040152  +0.048552  -0.016810
  [204] +0.097121  +0.128762  +0.033818  +0.123188  +0.002779  +0.001833
  [210] +0.023349  +0.031373  -0.015740  +0.067014  +0.056299  +0.029651
  [216] -0.012782  -0.029810  -0.003807  -0.021667  +0.048481  +0.094954
  [222] +0.026266  -0.000000  -0.038904  +0.013800  -0.004188  +0.084613
  [228] +0.114520  -0.044985  +0.000764  +0.052946  +0.101822  +0.075710
  [234] +0.034803  +0.012628  +0.033159  -0.053871  +0.016017  -0.022947
  [240] -0.011531  -0.001353  -0.009393  -0.006136  -0.023233  -0.031300
  [246] -0.065739  -0.061028  -0.001811  +0.030119  +0.085569  +0.022071
  [252] -0.045747  +0.065678  -0.044101  -0.055468  -0.097139  +0.075729
  [258] -0.056056  -0.004150  +0.012977  -0.006006  -0.034085  +0.016091
  [264] -0.027602  +0.010082  -0.022725  +0.011038  -0.045579  -0.019121
  [270] +0.008617  +0.011159  +0.104439  -0.045015  -0.019288  +0.066507
  [276] +0.068502  -0.051363  -0.026443  +0.005692  +0.018955  +0.004477
  [282] +0.046660  +0.012092  +0.003691  +0.070229  -0.043332  +0.033641
  [288] +0.011135  -0.056663  -0.001026  -0.005742  -0.042614  -0.049578
  [294] +0.070825  +0.015162  -0.049832  +0.084214  -0.045122  +0.021971
  [300] +0.029553  +0.006529  -0.015995  -0.010943  +0.131805  +0.051533
  [306] -0.093743  +0.078731  +0.042063  +0.007182  +0.051575  +0.007267
  [312] -0.001870  -0.011504  -0.051657  -0.086404  -0.017798  +0.122527
  [318] +0.020685  -0.000000  -0.030408  +0.017631  -0.036038  +0.002866
  [324] +0.031116  -0.049760  +0.039237  -0.023609  +0.050369  -0.037221
  [330] +0.051218  +0.036636  -0.025767  +0.001661  -0.010895  -0.026188
  [336] -0.097978  -0.014374  +0.002846  -0.000629  +0.049238  +0.005372
  [342] +0.000713  -0.060621  -0.006163  +0.038377  +0.023910  +0.081141
  [348] +0.018820  +0.030633  -0.004787  +0.046937  -0.017243  -0.036078
  [354] -0.097070  +0.159332  -0.003166  +0.019591  -0.007812  +0.010212
  [360] -0.012032  -0.033850  +0.039326  +0.004463  -0.023132  +0.060004
  [366] -0.027807  -0.060008  -0.005031  -0.041072  -0.045120  -0.008510
  [372] +0.046912  -0.003201  +0.031325  +0.030924  -0.042148  -0.026525
  [378] -0.017809  -0.057710  +0.137564  -0.090812  +0.000908  +0.102316

------------------------------------------------------------------------------
[C90]  PPFCF - fund_managers - S07
------------------------------------------------------------------------------
  | Scheme: Parag Parikh Flexi Cap Fund (PPFAS Mutual Fund)
  | Topic: Fund managers
  | Keywords: fund manager who manages managed by team cio
  | Fact: Parag Parikh Flexi Cap Fund is managed by Rajeev Thakkar, Raunak Onkar (dedicated to overseas securities), Raj Mehta and Rukun Tarachandani on the equity side, and by Tejas Soman, Mansi Kariya and Aishwarya Dhar on the debt side.

  vector (384 dims, L2 norm 1.0000):
  [  0] -0.020890  -0.038839  -0.124046  +0.046507  +0.052606  -0.009194
  [  6] +0.082588  +0.067786  -0.027779  +0.019913  +0.041099  -0.025811
  [ 12] -0.040921  +0.030302  +0.017980  +0.002946  -0.043949  -0.048919
  [ 18] +0.048737  -0.038343  -0.015535  -0.077111  -0.066583  -0.039144
  [ 24] -0.015747  +0.009635  +0.033844  +0.069432  -0.021314  -0.001961
  [ 30] -0.020380  +0.049012  +0.008185  -0.011324  -0.027707  +0.150997
  [ 36] -0.115905  -0.015574  +0.018379  +0.018802  +0.049332  +0.018119
  [ 42] +0.001563  -0.094283  +0.081259  -0.007262  +0.020964  +0.044492
  [ 48] -0.056691  +0.021808  +0.004495  -0.005203  +0.012190  -0.012511
  [ 54] -0.016537  -0.000453  -0.007294  -0.033976  -0.024483  -0.067707
  [ 60] -0.021359  -0.026107  +0.010224  +0.008859  +0.004313  +0.034514
  [ 66] -0.022393  +0.080531  -0.015323  -0.067869  -0.017627  -0.052660
  [ 72] -0.077801  -0.037748  -0.078284  +0.012050  +0.011234  +0.044551
  [ 78] -0.002331  -0.034150  +0.050039  -0.027960  +0.113308  +0.015462
  [ 84] -0.019281  +0.046580  +0.008453  -0.058069  -0.005410  -0.016814
  [ 90] +0.064769  +0.049397  +0.019337  +0.039313  -0.116022  +0.025657
  [ 96] -0.095355  -0.100341  -0.068510  +0.035338  +0.008811  -0.009087
  [102] +0.008215  -0.037862  -0.083243  -0.017758  +0.001975  -0.004850
  [108] +0.049522  +0.041546  -0.033113  +0.104252  -0.059738  -0.029390
  [114] -0.030381  +0.064861  -0.103794  +0.017601  +0.110443  -0.058200
  [120] -0.037573  +0.015831  -0.022284  -0.011681  -0.008509  +0.022937
  [126] -0.086466  +0.000000  -0.087655  -0.006655  +0.087036  -0.063421
  [132] -0.029569  -0.003819  +0.022211  -0.048216  -0.089217  -0.027850
  [138] +0.070334  +0.041822  +0.009951  -0.027093  +0.016175  -0.114727
  [144] +0.004636  +0.100273  +0.012012  -0.031906  +0.014243  +0.095751
  [150] +0.042432  -0.061960  +0.136236  +0.060977  +0.052917  -0.012097
  [156] +0.050453  +0.031572  -0.013757  +0.073911  -0.038757  -0.024697
  [162] +0.002606  -0.005752  -0.083938  -0.106788  -0.094047  -0.014455
  [168] -0.016545  -0.006049  +0.024308  -0.035871  -0.097326  -0.024727
  [174] +0.041682  +0.030057  +0.083543  -0.004750  -0.097443  -0.042842
  [180] -0.050011  -0.020309  +0.057631  -0.057240  -0.051449  -0.024639
  [186] +0.049420  -0.045863  +0.024829  -0.112027  -0.150860  -0.014367
  [192] +0.005754  +0.075687  -0.029092  -0.024004  +0.098135  +0.035740
  [198] -0.063744  +0.029074  +0.006723  +0.049505  +0.013341  -0.035650
  [204] +0.024894  +0.199753  -0.007353  +0.057813  -0.037687  -0.017554
  [210] +0.070111  +0.031929  -0.010041  +0.018299  +0.039894  +0.060520
  [216] +0.034610  -0.034816  +0.013911  +0.022355  +0.003252  +0.063830
  [222] -0.012743  -0.000000  -0.004080  -0.047098  -0.026740  +0.027342
  [228] +0.086147  +0.007077  -0.016141  -0.026403  +0.044634  -0.011400
  [234] -0.007118  +0.035801  -0.030950  -0.007256  -0.004946  -0.011403
  [240] +0.036737  -0.040468  -0.041954  -0.081026  +0.021173  -0.041187
  [246] +0.072409  -0.019880  -0.021569  +0.006705  +0.043528  -0.012684
  [252] -0.092806  +0.074947  -0.047067  -0.040795  -0.068085  +0.053818
  [258] -0.043143  -0.063648  -0.062480  +0.059246  -0.012040  +0.104762
  [264] -0.010193  -0.004858  +0.062912  +0.017411  -0.018415  -0.040900
  [270] -0.049327  -0.044021  +0.003730  -0.046724  -0.055843  +0.007995
  [276] +0.024510  -0.078276  -0.017983  -0.028547  +0.007054  -0.013739
  [282] -0.023008  -0.009903  +0.045147  +0.017398  +0.026600  +0.119331
  [288] +0.022559  +0.015430  -0.005343  -0.100142  -0.053964  -0.007729
  [294] +0.099730  +0.003014  +0.028194  +0.092166  +0.001945  +0.037429
  [300] -0.031727  +0.030021  -0.000299  +0.027945  +0.113556  -0.022837
  [306] -0.045897  +0.075155  -0.009443  -0.018358  +0.049848  +0.042583
  [312] +0.046733  -0.030061  +0.012669  -0.004569  +0.069378  +0.097349
  [318] +0.053127  -0.000000  -0.079435  -0.066515  -0.011583  -0.044509
  [324] +0.001565  -0.009173  +0.026709  -0.091287  +0.006304  +0.013595
  [330] +0.052351  +0.053381  -0.022495  +0.000395  -0.022536  -0.026597
  [336] -0.029608  +0.070047  +0.013169  +0.024834  +0.013286  +0.012955
  [342] -0.041482  -0.007463  +0.055584  +0.047581  -0.001478  +0.044650
  [348] +0.030792  +0.039240  +0.003267  +0.001206  +0.005912  -0.025900
  [354] -0.046445  +0.154645  +0.053401  -0.013528  +0.036133  +0.043053
  [360] -0.031652  -0.030866  +0.087406  -0.013580  -0.021243  +0.062620
  [366] +0.007427  -0.063226  +0.043732  -0.084539  -0.049248  +0.006162
  [372] -0.009499  +0.010771  -0.029837  +0.006897  -0.026771  -0.003742
  [378] -0.041686  -0.072031  +0.069323  -0.116849  +0.019525  +0.099839

------------------------------------------------------------------------------
[C91]  PPLF - fund_managers - S07
------------------------------------------------------------------------------
  | Scheme: Parag Parikh Liquid Fund (PPFAS Mutual Fund)
  | Topic: Fund managers
  | Keywords: fund manager who manages managed by team cio debt
  | Fact: Parag Parikh Liquid Fund is managed by Tejas Soman (Chief Investment Officer - Debt), Mansi Kariya and Aishwarya Dhar.

  vector (384 dims, L2 norm 1.0000):
  [  0] -0.028406  -0.037258  -0.110427  +0.019008  +0.013974  -0.009124
  [  6] +0.084867  +0.046290  -0.024446  +0.007396  +0.038054  -0.050438
  [ 12] -0.038106  +0.029201  +0.022071  -0.025144  -0.037822  -0.042639
  [ 18] +0.084406  -0.074313  +0.007652  -0.047309  -0.076905  -0.014322
  [ 24] -0.022924  +0.023384  +0.061100  +0.068981  -0.009312  -0.005685
  [ 30] -0.019824  +0.051055  +0.001086  -0.015793  -0.000133  +0.138165
  [ 36] -0.092067  -0.023282  -0.035058  +0.008861  +0.086713  +0.030647
  [ 42] +0.019281  -0.085153  +0.079775  -0.001075  +0.065233  +0.049502
  [ 48] -0.087529  +0.033759  -0.026004  -0.006280  +0.005343  +0.017039
  [ 54] -0.008800  -0.039255  +0.038898  -0.035714  -0.052272  -0.074240
  [ 60] -0.039937  +0.012259  -0.026802  +0.001877  +0.003002  +0.035092
  [ 66] -0.021856  +0.095299  -0.031088  -0.061131  +0.002588  -0.064171
  [ 72] -0.038233  +0.006929  -0.069249  -0.012490  -0.002591  +0.019294
  [ 78] -0.020819  -0.037328  +0.074549  +0.005388  +0.099879  +0.033960
  [ 84] -0.035775  +0.031243  +0.027199  -0.064470  +0.021737  -0.024671
  [ 90] +0.090323  +0.047616  +0.014665  +0.039565  -0.077916  +0.044349
  [ 96] -0.084127  -0.111144  -0.037405  +0.011998  +0.030401  +0.002299
  [102] +0.021833  -0.021211  -0.060234  +0.026646  +0.019457  +0.027123
  [108] +0.068043  +0.043387  -0.051115  +0.098324  -0.032069  -0.048540
  [114] -0.018637  +0.059205  -0.105958  +0.004951  +0.085683  -0.043837
  [120] -0.016412  +0.014743  -0.058902  +0.027480  +0.001050  +0.041473
  [126] -0.072517  +0.000000  -0.067004  -0.016629  +0.106915  -0.035962
  [132] -0.061942  +0.028230  +0.020706  -0.042077  -0.043735  -0.052887
  [138] +0.031358  +0.037655  -0.034945  -0.013271  -0.016640  -0.111459
  [144] -0.012393  +0.090658  +0.023827  -0.021825  +0.007496  +0.110208
  [150] -0.012302  -0.098886  +0.133151  +0.078585  +0.056372  -0.003837
  [156] +0.051153  +0.019199  -0.002335  +0.029267  -0.034416  -0.014647
  [162] +0.005730  +0.014597  -0.060363  -0.080871  -0.084353  -0.031777
  [168] +0.003076  -0.007239  +0.028902  -0.005568  -0.132025  -0.057262
  [174] +0.017227  -0.013083  +0.076239  -0.024242  -0.049030  -0.058026
  [180] -0.041097  -0.003447  +0.030439  -0.068660  -0.057405  -0.018349
  [186] +0.028700  -0.058843  +0.011847  -0.079653  -0.167645  +0.006305
  [192] -0.008485  +0.028154  -0.024908  -0.027039  +0.112375  +0.023737
  [198] -0.099945  +0.057465  +0.008231  +0.026375  +0.010480  -0.047503
  [204] +0.021784  +0.183186  +0.000623  +0.081008  -0.032467  -0.071004
  [210] +0.072120  +0.034353  -0.019674  +0.033831  +0.049008  +0.050473
  [216] +0.020344  -0.012401  +0.003085  +0.032555  +0.020226  +0.104196
  [222] +0.012142  -0.000000  -0.036627  -0.041309  +0.001086  +0.055619
  [228] +0.105074  +0.002279  +0.004529  -0.014805  +0.058536  -0.025240
  [234] -0.016275  +0.039497  +0.005220  -0.028756  +0.027012  -0.022853
  [240] +0.026820  -0.025655  -0.033851  -0.079690  -0.017963  -0.007899
  [246] +0.053238  -0.024952  -0.059626  +0.015759  +0.044991  +0.005637
  [252] -0.078216  +0.092954  -0.016074  -0.048201  -0.060389  +0.070513
  [258] -0.055667  -0.048616  -0.034966  +0.081651  -0.049067  +0.109686
  [264] -0.015159  +0.008409  +0.037015  +0.014447  -0.014879  +0.010032
  [270] -0.024436  -0.064330  +0.035196  -0.037603  -0.048701  +0.031322
  [276] -0.023189  -0.077558  +0.016862  -0.034960  -0.007744  -0.016798
  [282] -0.020572  +0.019102  +0.015050  +0.055158  +0.025895  +0.056790
  [288] +0.013994  +0.032010  +0.006388  -0.052074  -0.036567  -0.030259
  [294] +0.075672  +0.025882  +0.020233  +0.051663  +0.022336  +0.006212
  [300] -0.050808  +0.049524  -0.033955  +0.011276  +0.150810  -0.005837
  [306] -0.045306  +0.084945  -0.016616  -0.015438  +0.061160  +0.015446
  [312] +0.033604  -0.011950  +0.014757  -0.045028  +0.039882  +0.077033
  [318] +0.048859  -0.000000  -0.100575  -0.042160  -0.009588  -0.039522
  [324] -0.036888  -0.052067  +0.021964  -0.054115  +0.052031  -0.004158
  [330] +0.084897  +0.026997  -0.026251  -0.006006  -0.004604  -0.062046
  [336] -0.060264  +0.022190  -0.006138  +0.034080  +0.019851  -0.001195
  [342] -0.087144  -0.008459  +0.057410  +0.049699  +0.023170  +0.035432
  [348] +0.041982  +0.042385  -0.009892  +0.013702  -0.026510  +0.015377
  [354] -0.055281  +0.123814  +0.068092  -0.023593  +0.052435  +0.018640
  [360] -0.054932  -0.048012  +0.046391  -0.016014  -0.008044  +0.059299
  [366] +0.016291  -0.062600  +0.031343  -0.090750  -0.046264  +0.029705
  [372] +0.012463  +0.012375  -0.013752  -0.047206  -0.040912  +0.000716
  [378] -0.039328  -0.110528  +0.087396  -0.123145  +0.037589  +0.108814

------------------------------------------------------------------------------
[C95]  ALL - plans - S16
------------------------------------------------------------------------------
  | Scheme: All PPFAS schemes
  | Topic: Plans
  | Keywords: plans options growth idcw direct regular dividend available
  | Fact: PPFAS schemes are offered in a Direct Plan and a Regular Plan, each with a Growth Option and an Income Distribution cum Capital Withdrawal (IDCW) Option. The exact sub-options for a scheme are listed in its Key Information Memorandum.

  vector (384 dims, L2 norm 1.0000):
  [  0] -0.037565  -0.014192  -0.048942  +0.012037  +0.070441  +0.032291
  [  6] +0.058773  +0.037908  -0.039394  +0.021659  +0.025408  +0.062658
  [ 12] -0.039157  +0.030923  +0.017705  -0.018316  -0.063236  -0.065750
  [ 18] +0.054117  +0.002831  +0.039045  -0.038477  -0.055700  -0.036364
  [ 24] +0.091926  -0.002100  +0.082256  +0.064767  +0.012224  +0.033766
  [ 30] +0.033659  +0.104427  +0.066840  -0.083112  -0.009845  -0.018124
  [ 36] -0.037205  +0.001226  -0.001026  +0.003234  +0.048982  +0.026818
  [ 42] -0.016744  -0.021836  +0.006008  -0.005436  -0.053584  +0.006658
  [ 48] -0.115255  +0.033184  +0.041616  -0.013417  -0.020704  +0.011215
  [ 54] +0.077042  -0.074679  -0.045604  -0.010089  -0.042773  -0.062455
  [ 60] -0.054781  -0.063472  -0.023674  -0.046976  -0.075529  +0.075627
  [ 66] +0.063838  +0.092212  -0.006305  -0.089747  -0.065808  -0.033063
  [ 72] -0.052280  -0.036577  -0.007210  +0.005423  +0.092078  -0.006704
  [ 78] +0.008031  -0.087256  -0.073605  +0.111877  +0.025694  -0.021223
  [ 84] -0.031100  -0.014811  -0.012056  -0.059362  +0.023568  -0.095442
  [ 90] -0.002466  -0.007347  -0.032781  -0.000387  -0.003280  -0.016934
  [ 96] -0.119515  -0.171408  -0.012161  +0.008307  +0.016759  +0.036988
  [102] -0.013248  -0.024237  -0.071654  -0.026341  -0.021157  +0.084367
  [108] +0.039013  +0.048282  -0.092377  +0.068523  +0.026347  -0.019873
  [114] -0.009472  -0.003402  -0.056231  -0.001180  +0.048883  -0.039288
  [120] +0.017964  +0.007105  +0.005950  +0.055628  -0.088114  -0.038367
  [126] +0.002129  +0.000000  -0.047647  -0.000560  +0.030943  -0.023919
  [132] +0.012220  -0.025852  +0.019848  -0.037277  +0.055642  +0.052430
  [138] -0.028332  +0.063739  -0.001301  +0.117494  +0.016774  -0.101189
  [144] +0.026687  +0.151193  +0.043381  +0.013068  +0.063787  +0.076995
  [150] +0.073073  -0.091154  +0.167677  +0.043527  +0.006918  +0.020969
  [156] +0.023194  +0.031274  +0.006099  -0.006339  -0.053176  -0.040188
  [162] -0.053705  +0.064228  -0.045748  -0.046638  +0.032772  -0.041753
  [168] +0.004927  -0.026083  -0.022477  +0.020008  +0.019589  -0.004053
  [174] +0.010719  +0.011689  -0.020397  +0.059660  -0.005964  -0.041440
  [180] -0.081310  -0.024586  +0.011347  -0.038796  -0.091131  -0.046941
  [186] +0.086873  +0.024977  -0.012704  -0.053799  -0.155939  -0.024290
  [192] -0.109472  +0.077299  -0.085613  -0.055688  +0.025149  +0.077783
  [198] -0.011174  +0.041376  -0.023821  +0.036604  -0.051372  -0.060517
  [204] -0.000291  +0.154188  +0.019841  +0.051596  -0.016294  +0.084449
  [210] +0.002331  -0.057463  +0.065136  +0.052469  +0.068452  +0.048861
  [216] -0.065861  -0.062755  -0.000425  +0.011709  +0.071751  +0.021262
  [222] +0.084174  -0.000000  +0.043960  +0.020513  -0.000743  -0.040511
  [228] +0.051105  +0.001044  +0.044616  -0.023200  +0.074656  -0.012050
  [234] -0.052848  +0.028463  +0.014277  +0.029196  +0.027390  -0.115727
  [240] +0.007253  -0.046232  +0.033061  +0.039863  +0.009857  -0.033612
  [246] -0.077219  -0.032416  +0.022652  -0.012799  -0.044001  +0.058287
  [252] +0.001544  +0.019582  -0.071708  -0.028788  -0.093369  -0.002223
  [258] +0.057968  -0.089722  -0.026697  +0.072791  -0.084247  +0.084904
  [264] +0.005928  -0.088513  +0.041324  +0.055974  -0.069157  -0.000447
  [270] -0.009005  +0.000435  +0.061307  -0.032792  -0.009002  +0.035838
  [276] +0.002215  +0.039245  -0.043791  +0.003057  +0.034395  +0.008311
  [282] -0.029858  -0.017000  +0.019252  +0.029587  +0.069420  +0.093026
  [288] +0.016504  -0.007822  -0.000036  -0.071128  -0.034154  -0.032901
  [294] +0.025646  -0.006433  +0.020665  -0.055640  -0.003194  -0.063125
  [300] -0.042425  +0.041806  +0.026512  +0.078447  +0.100057  +0.022596
  [306] -0.005063  +0.061680  -0.024584  -0.019596  -0.022600  +0.060639
  [312] +0.008726  +0.000843  -0.084447  -0.038919  +0.114659  +0.080806
  [318] +0.046438  -0.000000  -0.072849  +0.021857  +0.076449  -0.010417
  [324] -0.022968  -0.025051  -0.041255  -0.039793  +0.033523  -0.004234
  [330] +0.035717  +0.114746  -0.017418  -0.042161  -0.060070  -0.069672
  [336] +0.013790  +0.014335  +0.030689  -0.023290  -0.034963  +0.027706
  [342] -0.000819  -0.031061  -0.005485  +0.021522  +0.048711  +0.021328
  [348] +0.001704  +0.084774  +0.028155  +0.003464  +0.044429  -0.022565
  [354] +0.034080  +0.032553  +0.034154  +0.040691  +0.081353  -0.047865
  [360] +0.045165  -0.022438  +0.003197  -0.041897  +0.018636  +0.016600
  [366] -0.034144  -0.111062  -0.016722  -0.008646  -0.019911  +0.029796
  [372] -0.025473  +0.003409  +0.003487  +0.020984  -0.103205  -0.087017
  [378] -0.019633  +0.010995  +0.034537  -0.052069  +0.010756  +0.072069

------------------------------------------------------------------------------
[C100]  ALL - capital_gains_statement - S18
------------------------------------------------------------------------------
  | Scheme: All PPFAS schemes
  | Topic: Capital gains statement
  | Keywords: capital gains statement download tax cg loss statement how to get itr filing
  | Fact: PPFAS routes statement requests through its registrar CAMS: on the AMC's Investor Desk page, use the Capital Gain / Loss Statement link to generate the statement for your folio. The same page also offers the Account Statement and the Exit Load Statement.

  vector (384 dims, L2 norm 1.0000):
  [  0] +0.010041  +0.007136  -0.042092  +0.010699  +0.028588  +0.115311
  [  6] +0.078149  +0.091969  -0.056232  +0.059656  +0.004098  -0.025803
  [ 12] -0.000666  -0.026800  +0.026479  +0.021643  -0.043629  +0.028506
  [ 18] +0.099496  -0.017840  +0.060173  +0.010791  -0.090508  -0.011792
  [ 24] +0.026954  +0.013041  -0.000009  +0.041489  +0.031213  +0.050321
  [ 30] -0.050316  -0.030314  -0.008254  -0.005080  +0.045111  -0.010816
  [ 36] -0.085107  -0.032712  +0.083008  -0.031363  +0.060217  +0.032268
  [ 42] +0.058979  -0.039934  +0.005059  -0.018422  -0.020426  +0.011164
  [ 48] -0.033336  +0.043282  -0.022852  -0.008145  +0.037518  -0.048517
  [ 54] -0.003556  +0.006849  +0.050827  -0.021396  -0.088488  -0.062005
  [ 60] -0.048637  -0.081918  -0.033291  -0.011800  -0.021289  +0.054865
  [ 66] +0.045321  +0.079667  -0.042940  -0.067966  -0.158552  -0.043981
  [ 72] -0.066375  -0.030638  -0.066460  +0.009488  +0.025983  +0.019151
  [ 78] -0.000493  -0.045283  -0.023823  +0.041395  -0.027077  +0.012643
  [ 84] +0.032500  +0.032031  +0.063862  -0.009357  +0.022683  +0.011145
  [ 90] -0.031573  +0.002801  -0.015169  +0.032370  -0.078024  +0.008709
  [ 96] -0.113648  -0.070286  +0.053592  -0.021273  +0.041943  +0.054556
  [102] +0.020541  -0.069925  -0.105205  +0.032678  -0.003836  +0.051735
  [108] +0.042029  +0.023267  -0.038015  +0.103292  -0.011152  -0.076275
  [114] +0.029346  +0.094801  -0.095873  +0.003693  +0.056675  -0.067763
  [120] -0.014369  -0.068524  -0.018076  +0.045847  -0.046117  -0.085889
  [126] +0.000033  +0.000000  -0.084021  +0.057263  +0.081493  -0.025302
  [132] -0.014667  +0.003233  +0.012637  -0.049684  +0.035801  -0.003874
  [138] -0.030547  +0.010303  -0.067144  -0.025880  -0.044104  -0.071185
  [144] +0.001103  +0.030250  +0.062656  -0.029163  +0.038610  +0.054466
  [150] +0.022311  -0.010331  +0.159820  +0.086149  +0.018384  -0.000185
  [156] -0.089698  +0.013003  +0.068536  -0.039660  -0.053579  -0.022369
  [162] +0.037912  -0.016949  -0.013192  -0.009321  +0.025166  +0.008958
  [168] -0.031475  -0.069583  +0.032428  -0.023550  -0.053710  -0.026990
  [174] -0.029580  +0.031290  +0.053899  +0.012820  +0.022192  -0.077719
  [180] -0.052812  -0.022901  +0.093424  -0.035306  -0.132906  +0.001605
  [186] +0.055618  -0.015293  +0.061089  -0.052296  -0.062558  -0.102449
  [192] -0.157555  +0.019433  -0.031527  -0.060861  +0.028604  +0.103061
  [198] -0.013975  +0.000142  +0.020979  +0.028571  +0.092008  -0.034711
  [204] -0.083778  +0.096712  +0.040470  -0.008304  +0.003513  -0.000898
  [210] -0.004104  -0.006865  +0.027824  +0.039454  +0.096593  -0.067789
  [216] +0.009096  -0.032014  +0.005247  -0.012342  -0.000008  +0.108082
  [222] +0.003481  -0.000000  -0.021998  -0.019739  -0.037744  -0.075724
  [228] -0.041804  -0.022170  +0.080449  +0.003103  +0.052070  -0.023334
  [234] -0.002411  +0.031231  -0.055733  -0.005791  +0.010412  -0.028483
  [240] +0.037456  -0.007053  -0.021632  +0.011847  +0.044431  +0.008569
  [246] -0.056290  +0.012716  -0.002775  +0.001056  +0.023459  +0.024079
  [252] +0.046732  +0.035294  -0.014505  +0.004579  -0.063435  +0.071131
  [258] -0.063395  -0.054036  +0.046256  -0.003744  -0.047131  +0.050349
  [264] +0.036110  -0.022848  +0.064067  +0.062378  -0.034948  -0.020101
  [270] -0.003054  +0.029401  +0.008398  +0.043346  +0.032915  -0.073369
  [276] -0.005860  +0.052981  -0.029475  +0.058598  +0.100259  -0.046729
  [282] -0.049160  -0.005659  -0.027217  +0.057341  -0.021803  +0.085129
  [288] +0.047132  -0.107246  -0.006394  -0.073235  -0.012551  +0.005682
  [294] +0.018755  -0.025482  -0.056045  -0.012135  +0.000913  +0.134331
  [300] -0.040521  +0.027723  -0.027715  +0.082742  +0.115716  +0.029760
  [306] +0.031188  +0.102904  +0.006693  +0.010006  +0.003603  -0.009519
  [312] +0.048588  -0.010530  -0.108243  -0.035222  +0.111333  +0.043481
  [318] -0.001167  -0.000000  -0.094724  -0.008433  +0.119134  -0.011104
  [324] +0.020687  +0.046687  +0.002999  +0.004090  -0.041341  -0.015614
  [330] -0.032011  +0.037211  -0.065466  +0.003555  -0.055351  -0.029785
  [336] -0.026235  +0.039400  +0.036125  -0.083494  -0.079714  -0.012604
  [342] -0.029656  -0.007118  -0.024575  +0.004991  +0.042910  +0.066863
  [348] -0.021434  +0.011845  -0.011812  -0.001568  +0.031669  -0.050043
  [354] -0.001554  +0.153127  +0.082971  +0.011508  +0.091431  +0.022137
  [360] -0.049553  -0.012960  +0.061382  -0.014243  +0.004654  +0.094070
  [366] -0.028222  -0.061765  +0.008748  -0.041499  +0.012360  -0.094277
  [372] -0.105019  -0.019361  -0.088811  -0.039000  -0.043228  +0.012466
  [378] +0.022830  -0.071456  +0.075548  +0.036715  +0.032802  +0.056640

------------------------------------------------------------------------------
[C101]  ALL - account_statement - S19
------------------------------------------------------------------------------
  | Scheme: All PPFAS schemes
  | Topic: Account statement
  | Keywords: account statement download soa holding statement how to get missed call
  | Fact: An account statement can be generated from the Account Statement link on the PPFAS Investor Desk page, which is powered by the registrar CAMS. PPFAS also offers an account statement on a missed call to the number listed on its statement-via-missed-call page.

  vector (384 dims, L2 norm 1.0000):
  [  0] -0.038270  -0.001286  -0.069821  +0.055817  +0.006537  +0.051341
  [  6] +0.123119  +0.013460  +0.029207  +0.025936  +0.086587  -0.005155
  [ 12] +0.002365  -0.076807  +0.069155  -0.061335  -0.018578  +0.011564
  [ 18] +0.059514  -0.022137  +0.044184  +0.038122  -0.032277  +0.047523
  [ 24] +0.029720  +0.042299  -0.020634  +0.054551  +0.041066  +0.063454
  [ 30] -0.096255  +0.058618  -0.012890  -0.040749  +0.003467  +0.019927
  [ 36] -0.083720  +0.014767  +0.010415  +0.018719  +0.005978  -0.007108
  [ 42] +0.001246  -0.007579  -0.017505  +0.008436  -0.065279  +0.080733
  [ 48] -0.038637  -0.026280  +0.007335  -0.031185  +0.055843  -0.073396
  [ 54] +0.023899  +0.015509  +0.078412  -0.020985  -0.082218  -0.011057
  [ 60] -0.029815  -0.035212  -0.019991  +0.024959  -0.005406  +0.104430
  [ 66] +0.030599  +0.052518  +0.011702  -0.034597  -0.104326  -0.014807
  [ 72] -0.101902  +0.031606  -0.038449  +0.057199  +0.025707  -0.014141
  [ 78] +0.000279  +0.005366  -0.043177  -0.033220  -0.019170  +0.087054
  [ 84] +0.040295  +0.003914  +0.050964  +0.010875  -0.018752  -0.067984
  [ 90] -0.049233  -0.009930  +0.059702  -0.022208  -0.026600  +0.034776
  [ 96] -0.092175  -0.080584  +0.033533  -0.026560  +0.021361  +0.063783
  [102] +0.002395  -0.012948  -0.053546  +0.043226  +0.005145  +0.013166
  [108] -0.000246  +0.049407  -0.024016  +0.023965  +0.029849  -0.033344
  [114] +0.001371  -0.015506  -0.020213  -0.018469  +0.025813  -0.086115
  [120] +0.031746  +0.002147  -0.002548  -0.005356  +0.003073  -0.012972
  [126] +0.019163  +0.000000  -0.012895  +0.023109  +0.069212  -0.033084
  [132] -0.051411  -0.013010  +0.022822  -0.090603  +0.030738  +0.057194
  [138] +0.023289  -0.008989  -0.010724  -0.015881  -0.068773  -0.018144
  [144] +0.040136  +0.016476  +0.079358  +0.056933  +0.019035  -0.012180
  [150] +0.030847  -0.002229  +0.185382  +0.070139  +0.043049  +0.006814
  [156] -0.034490  -0.024610  +0.019192  -0.107232  -0.000297  -0.023588
  [162] +0.067585  -0.071266  +0.049017  -0.085370  +0.013665  -0.015844
  [168] -0.036688  -0.002509  -0.025155  -0.038110  -0.048661  -0.060265
  [174] -0.038316  +0.027854  +0.079453  +0.078916  +0.012984  +0.037695
  [180] -0.114450  -0.000016  +0.001998  -0.078673  -0.059314  -0.006940
  [186] +0.030837  -0.007896  +0.048810  -0.070219  -0.110184  -0.111293
  [192] -0.105201  +0.009372  -0.069230  -0.047421  -0.024330  +0.046872
  [198] +0.008964  -0.014684  -0.081721  +0.043351  -0.003504  +0.000535
  [204] -0.009220  +0.104447  +0.037105  +0.070447  +0.071024  -0.052914
  [210] -0.002047  +0.020679  -0.033237  +0.076822  +0.111760  -0.062216
  [216] -0.059701  -0.032364  -0.055617  -0.048455  +0.050780  +0.067772
  [222] +0.002758  -0.000000  -0.026673  -0.057174  +0.072501  -0.022686
  [228] +0.015104  -0.019894  +0.060294  -0.064131  +0.056206  -0.049667
  [234] -0.056549  +0.082417  -0.000254  -0.017409  +0.079266  +0.030144
  [240] +0.007235  -0.031419  -0.043426  +0.059860  +0.093195  -0.014433
  [246] +0.016132  -0.032951  -0.054898  -0.007134  +0.047840  -0.047647
  [252] -0.035010  -0.059079  +0.013992  -0.073119  -0.068043  +0.060479
  [258] -0.029999  -0.093995  +0.046916  +0.084678  -0.069197  +0.073954
  [264] +0.052818  -0.045935  +0.040642  -0.005141  -0.072704  -0.035689
  [270] -0.047558  +0.046907  -0.001185  +0.042002  -0.023278  -0.001021
  [276] +0.021305  +0.093871  -0.038949  -0.024862  +0.122762  -0.011715
  [282] +0.028003  -0.073285  -0.022870  +0.007920  +0.012746  +0.022587
  [288] +0.026005  -0.013223  +0.005851  -0.076255  +0.029479  +0.007698
  [294] +0.020022  +0.007440  -0.079872  -0.002309  +0.010079  +0.114234
  [300] -0.113516  +0.035850  +0.008233  +0.046260  +0.125651  +0.031267
  [306] +0.003252  +0.039816  +0.041363  +0.015604  +0.044896  -0.013622
  [312] +0.030596  -0.018828  -0.090830  -0.034056  +0.037666  +0.035770
  [318] -0.005159  -0.000000  -0.016106  -0.025445  +0.187384  -0.010908
  [324] +0.029257  -0.015447  +0.009306  -0.093412  -0.034247  -0.039322
  [330] -0.039041  +0.007478  -0.064002  -0.053246  +0.012973  -0.038232
  [336] -0.011521  +0.008360  -0.005490  -0.063808  -0.081956  -0.000182
  [342] -0.021153  +0.000884  -0.046083  +0.036343  +0.023862  +0.053620
  [348] +0.038881  -0.034890  +0.005943  +0.004763  +0.042367  -0.115242
  [354] +0.075400  +0.089326  +0.097534  -0.001532  +0.049871  -0.094979
  [360] -0.072796  -0.050932  +0.073231  +0.049377  +0.066022  +0.057705
  [366] -0.039163  -0.074275  +0.023345  -0.002758  -0.032854  -0.083825
  [372] -0.056012  +0.054245  -0.119502  +0.007778  +0.040052  -0.026428
  [378] -0.004452  -0.048192  +0.092815  -0.000034  -0.007777  +0.057670

------------------------------------------------------------------------------
[C102]  ALL - documents - S16
------------------------------------------------------------------------------
  | Scheme: All PPFAS schemes
  | Topic: Documents
  | Keywords: sid kim sai scheme information document key information memorandum where download offer document
  | Fact: The Scheme Information Document (SID), Key Information Memorandum (KIM) and Statement of Additional Information (SAI) for every PPFAS scheme are published on the AMC's KIM / SID / SAI download page. These are the authoritative documents for load structure, minimum amounts and scheme features.

  vector (384 dims, L2 norm 1.0000):
  [  0] -0.043600  +0.049015  -0.059935  -0.001770  +0.006397  +0.038715
  [  6] +0.065236  +0.073724  -0.046685  +0.050496  -0.049097  +0.046947
  [ 12] +0.067368  -0.012812  +0.073390  +0.046868  +0.008073  -0.034365
  [ 18] +0.119510  +0.033075  +0.037936  -0.034406  -0.007860  -0.019868
  [ 24] -0.036228  +0.041948  +0.097845  -0.058130  -0.024454  +0.003237
  [ 30] -0.076239  +0.079975  +0.083222  -0.034559  +0.015502  -0.007801
  [ 36] -0.066941  +0.046032  -0.051544  +0.065784  -0.005266  +0.009616
  [ 42] +0.000730  -0.026548  +0.066024  +0.033996  -0.031881  -0.007265
  [ 48] -0.110124  +0.022122  -0.014729  -0.000629  -0.016647  +0.048837
  [ 54] +0.020326  -0.023134  -0.045926  +0.010137  -0.047972  -0.074995
  [ 60] -0.009144  +0.000739  -0.063250  +0.003313  +0.044238  +0.102138
  [ 66] -0.002013  +0.080811  +0.025712  -0.066924  -0.105561  -0.015091
  [ 72] -0.001394  -0.019097  -0.018704  -0.007440  +0.045224  -0.007987
  [ 78] -0.008889  -0.119247  -0.033339  +0.061475  +0.041598  +0.003589
  [ 84] -0.011709  +0.048366  +0.019550  -0.060837  -0.038179  -0.029813
  [ 90] +0.003485  -0.032216  +0.019485  +0.018415  -0.022009  -0.040612
  [ 96] -0.095004  -0.076349  +0.050173  +0.027284  +0.021488  +0.069790
  [102] +0.035137  -0.073768  -0.120873  +0.023920  +0.008269  +0.038741
  [108] +0.059164  +0.048784  -0.081363  +0.080961  -0.079623  -0.107697
  [114] -0.028386  -0.045350  -0.089857  +0.044435  +0.006845  -0.015759
  [120] +0.026738  -0.058880  -0.010462  -0.007994  -0.098897  -0.037177
  [126] +0.026963  +0.000000  -0.054609  +0.061709  +0.081269  -0.032496
  [132] -0.050178  +0.007928  -0.019788  -0.112585  -0.009338  +0.005152
  [138] -0.027940  +0.091038  -0.022515  +0.036619  -0.035170  -0.016929
  [144] -0.020764  +0.099502  +0.061699  +0.024072  +0.061998  +0.094744
  [150] +0.015207  -0.025703  +0.117052  +0.113665  +0.069255  -0.002721
  [156] -0.033862  +0.041841  +0.021108  -0.006969  +0.006486  -0.022747
  [162] -0.008433  +0.043580  -0.004014  -0.102390  -0.020353  -0.087915
  [168] -0.043391  -0.027677  +0.051894  +0.015521  -0.066892  +0.000911
  [174] -0.000618  -0.002237  +0.090228  +0.020490  -0.067900  -0.026832
  [180] -0.059658  +0.012961  +0.057399  -0.114854  -0.033310  -0.020184
  [186] +0.034455  -0.004728  +0.057743  -0.066670  -0.113362  -0.083416
  [192] -0.094188  -0.014846  -0.059819  -0.044330  +0.076807  -0.021522
  [198] -0.079095  +0.087184  -0.008084  +0.017260  -0.035549  -0.055763
  [204] +0.038105  +0.108603  -0.014713  +0.088404  -0.101765  -0.068162
  [210] +0.014385  +0.003488  +0.055119  +0.085139  +0.080378  -0.024651
  [216] -0.065641  +0.019243  +0.006484  +0.017784  -0.000484  +0.085300
  [222] +0.061316  -0.000000  +0.012297  +0.012420  -0.004539  +0.048044
  [228] +0.052435  -0.031805  +0.037576  -0.010003  +0.025086  -0.065558
  [234] -0.037825  -0.035230  +0.025717  -0.001530  +0.066503  -0.042978
  [240] -0.008578  -0.012368  +0.006897  +0.063843  +0.067635  -0.036677
  [246] -0.075792  -0.060857  +0.043461  +0.030700  +0.051714  +0.002061
  [252] -0.021136  +0.038501  -0.037001  -0.030884  -0.133944  +0.034308
  [258] -0.042736  -0.073230  +0.012101  +0.050153  -0.059460  +0.044434
  [264] +0.035419  -0.001170  -0.024263  +0.001129  -0.031908  -0.050510
  [270] +0.008694  +0.014550  +0.070952  -0.074593  +0.057251  -0.025949
  [276] +0.032581  -0.033235  -0.025016  -0.005065  -0.003080  +0.009314
  [282] +0.063798  -0.021877  +0.031316  +0.042692  +0.025970  +0.097056
  [288] -0.006017  -0.055673  +0.087809  -0.052600  -0.046866  -0.035494
  [294] +0.016660  -0.036321  +0.008706  +0.052250  +0.025490  -0.017967
  [300] -0.045620  +0.016795  -0.046282  +0.031782  +0.094604  +0.053698
  [306] -0.020868  +0.090497  +0.032148  +0.066750  +0.001264  -0.028120
  [312] +0.031766  +0.032876  -0.137976  +0.020445  +0.042403  +0.100009
  [318] -0.022680  -0.000000  -0.055132  -0.037082  +0.050617  -0.046946
  [324] +0.011355  +0.040513  -0.075846  -0.040964  -0.049417  -0.018767
  [330] +0.070150  +0.080645  -0.032267  -0.027544  +0.020285  -0.046933
  [336] -0.017450  -0.006968  -0.007678  -0.008764  -0.054896  +0.007754
  [342] +0.004144  -0.068173  +0.003714  +0.073385  +0.061803  +0.043311
  [348] +0.019723  -0.008743  -0.019594  -0.000189  +0.020520  -0.052281
  [354] -0.005945  +0.103415  +0.067416  +0.034115  +0.085561  -0.028386
  [360] -0.011589  -0.079993  +0.055547  +0.046819  +0.054963  +0.014089
  [366] -0.045509  -0.042401  -0.053593  -0.034027  -0.084540  -0.061931
  [372] -0.054621  +0.007139  -0.058677  +0.050872  -0.001748  -0.041281
  [378] +0.014076  -0.075374  +0.025192  -0.016319  -0.015680  +0.044368

------------------------------------------------------------------------------
[C103]  ALL - factsheet - S08
------------------------------------------------------------------------------
  | Scheme: All PPFAS schemes
  | Topic: Factsheet
  | Keywords: factsheet monthly fact sheet portfolio performance returns nav aum where find holdings
  | Fact: PPFAS publishes a monthly factsheet for all its schemes, archived by month on the AMC's factsheet page. Scheme performance, NAV, AUM and portfolio details are disclosed there.

  vector (384 dims, L2 norm 1.0000):
  [  0] +0.008381  -0.025312  -0.123173  +0.025315  +0.083093  +0.080472
  [  6] +0.006538  +0.018064  -0.058169  +0.101282  +0.036765  +0.045256
  [ 12] +0.000091  -0.001561  +0.019656  +0.011180  +0.039097  -0.008577
  [ 18] +0.101190  -0.014873  +0.060575  -0.056490  -0.003620  -0.022777
  [ 24] +0.065856  +0.035601  -0.002542  +0.024696  +0.017107  -0.020258
  [ 30] -0.047381  +0.058500  +0.037877  -0.002338  +0.010071  -0.020113
  [ 36] -0.113665  +0.000177  +0.003937  +0.023692  +0.037246  -0.008594
  [ 42] +0.041916  -0.072328  +0.067972  +0.025692  -0.019027  +0.025355
  [ 48] -0.058494  +0.057449  -0.038793  +0.028858  -0.033294  -0.082262
  [ 54] +0.020715  +0.004293  -0.046827  -0.053134  -0.051034  -0.054485
  [ 60] +0.028075  -0.036054  -0.083069  +0.001211  +0.059996  +0.065067
  [ 66] +0.017953  +0.129302  +0.017620  -0.029022  -0.077792  -0.031364
  [ 72] -0.060320  -0.018971  -0.006227  -0.001205  -0.006857  -0.037627
  [ 78] +0.035294  -0.097930  -0.036525  +0.049230  +0.015793  -0.001052
  [ 84] +0.076159  -0.027875  +0.063480  -0.063215  -0.029010  -0.056066
  [ 90] +0.072064  -0.016340  +0.084717  +0.057171  -0.020003  +0.014940
  [ 96] -0.052112  -0.073383  +0.046388  -0.019985  +0.050593  +0.076505
  [102] -0.001600  +0.020369  -0.099840  +0.009643  +0.021496  +0.098062
  [108] +0.013524  +0.076803  -0.040228  +0.079909  -0.067005  -0.070915
  [114] +0.009505  -0.021169  -0.085022  -0.039147  +0.037850  -0.012678
  [120] -0.026793  +0.004451  +0.067866  +0.050267  +0.004742  -0.026163
  [126] -0.022220  +0.000000  -0.081793  +0.031888  +0.018916  -0.044439
  [132] -0.009614  -0.001996  -0.009243  -0.040303  +0.048156  +0.048776
  [138] +0.002781  +0.169756  -0.064120  +0.074723  -0.016896  -0.050132
  [144] -0.011423  +0.048208  +0.032877  -0.041989  +0.052461  +0.067855
  [150] +0.042729  -0.041628  +0.096246  +0.063191  +0.063568  +0.035809
  [156] -0.093482  +0.055848  +0.073806  -0.040268  -0.036507  -0.040651
  [162] -0.012766  +0.036433  -0.008523  -0.068541  +0.015845  -0.017577
  [168] -0.067577  -0.007832  +0.061999  -0.033885  -0.091054  -0.051473
  [174] -0.009731  +0.061886  +0.087641  +0.042179  -0.056387  -0.032613
  [180] -0.075345  -0.043670  +0.046828  -0.003240  -0.130345  -0.003397
  [186] +0.042704  -0.019147  -0.004150  -0.055723  -0.115663  -0.097911
  [192] -0.176252  +0.095677  -0.020119  -0.028947  +0.048294  +0.083681
  [198] -0.019680  +0.057730  +0.026121  +0.044853  +0.042940  -0.025544
  [204] +0.009424  +0.100376  -0.086948  +0.005990  -0.022571  -0.009664
  [210] +0.032589  +0.024303  -0.020801  +0.031118  +0.106788  -0.022163
  [216] +0.010039  -0.022384  +0.028778  -0.027587  +0.030831  +0.065239
  [222] +0.001156  -0.000000  -0.041624  +0.016673  -0.001368  +0.066750
  [228] +0.024619  -0.055901  +0.010646  -0.032696  +0.026509  -0.015082
  [234] -0.026300  +0.023709  -0.013170  -0.035934  +0.054188  -0.054688
  [240] -0.016880  -0.051387  -0.045979  +0.017922  -0.016472  -0.007032
  [246] -0.023522  -0.051299  +0.035532  +0.011155  +0.017323  -0.033201
  [252] -0.028697  -0.004151  -0.035719  -0.021522  -0.100090  +0.014287
  [258] -0.084572  -0.032461  -0.005914  +0.030398  -0.067925  +0.084466
  [264] +0.084683  -0.057989  -0.020719  -0.032364  -0.017052  +0.014635
  [270] -0.009402  +0.020912  +0.111904  -0.029021  +0.048213  -0.014582
  [276] +0.072073  +0.006766  -0.021856  +0.014710  +0.035083  +0.001774
  [282] -0.039325  +0.004619  +0.037935  +0.060842  +0.003919  +0.042775
  [288] +0.028154  -0.082276  -0.068856  -0.062696  -0.032880  +0.018165
  [294] +0.026200  -0.024792  -0.056692  -0.056010  -0.019610  +0.066538
  [300] -0.042304  +0.039122  -0.014933  +0.006934  +0.074318  +0.043808
  [306] -0.001211  +0.014915  -0.014577  +0.072787  +0.011790  +0.014001
  [312] -0.007300  +0.044859  -0.096312  -0.066611  -0.003535  +0.058700
  [318] +0.001845  -0.000000  -0.046222  +0.031176  +0.112956  -0.028722
  [324] -0.013408  +0.048963  -0.048232  +0.030221  -0.029217  +0.020362
  [330] +0.120146  +0.015414  -0.129585  -0.017678  -0.056245  +0.005802
  [336] -0.078549  +0.037888  -0.034048  -0.087210  -0.028823  +0.084530
  [342] -0.014958  -0.008868  +0.009243  +0.062854  +0.002609  +0.068693
  [348] +0.046564  +0.040916  -0.005550  -0.038300  +0.060240  -0.101369
  [354] -0.006934  +0.095415  +0.071202  +0.002357  +0.033396  -0.048842
  [360] -0.030858  -0.060961  +0.013945  +0.030520  +0.039183  +0.059707
  [366] -0.034838  -0.062444  -0.039325  -0.045742  -0.031899  -0.056962
  [372] -0.066106  +0.034971  -0.042260  +0.031918  -0.027742  -0.086997
  [378] +0.026548  -0.061526  +0.082751  -0.032030  -0.004537  +0.081264

------------------------------------------------------------------------------
[C104]  ALL - addendum - S20
------------------------------------------------------------------------------
  | Scheme: All PPFAS schemes
  | Topic: Addendum
  | Keywords: addendum notice change load structure announcement update circular
  | Fact: Changes to a PPFAS scheme's load structure, minimum amounts or other features are notified through addenda published on the AMC's Notices and Addenda page. Check it if a figure quoted from a factsheet looks out of date.

  vector (384 dims, L2 norm 1.0000):
  [  0] -0.052814  -0.047336  -0.040156  +0.047381  +0.054770  +0.056653
  [  6] +0.075122  +0.046616  -0.021288  +0.069535  +0.053426  +0.016638
  [ 12] -0.010350  -0.025028  +0.063399  +0.009953  +0.040412  -0.026522
  [ 18] +0.036733  -0.045695  +0.098301  -0.039763  -0.016967  +0.019355
  [ 24] -0.013911  +0.059566  -0.003456  +0.037798  +0.019864  +0.012003
  [ 30] -0.067253  +0.071232  +0.047048  -0.026483  +0.012557  -0.024057
  [ 36] -0.007733  +0.011657  +0.000964  -0.000478  +0.057836  -0.039054
  [ 42] +0.020011  +0.001944  -0.021273  -0.068160  -0.024646  +0.030034
  [ 48] -0.084975  +0.053944  +0.093907  -0.053958  +0.012622  +0.014576
  [ 54] +0.055038  -0.039145  +0.028247  -0.046469  -0.084152  -0.061470
  [ 60] -0.012444  -0.029948  -0.028755  +0.029421  +0.027656  +0.087512
  [ 66] -0.001430  +0.036208  -0.004990  -0.084954  -0.075603  +0.029366
  [ 72] +0.001292  -0.050594  +0.010516  -0.021404  -0.012228  +0.017938
  [ 78] -0.016679  -0.110363  -0.047842  -0.001973  +0.028618  +0.018046
  [ 84] +0.057356  +0.007397  +0.063090  -0.032449  -0.047641  +0.017393
  [ 90] +0.019919  +0.000772  +0.038300  +0.002997  -0.029954  +0.029429
  [ 96] -0.115487  -0.104840  -0.028666  +0.002644  +0.007369  +0.039654
  [102] +0.011779  -0.023725  -0.068035  -0.019574  -0.083185  +0.040218
  [108] -0.013936  +0.056590  -0.025173  +0.037527  +0.043960  -0.177343
  [114] -0.031608  -0.008149  -0.027776  +0.047976  -0.000381  -0.102409
  [120] +0.061535  -0.056417  -0.017888  -0.009096  -0.023905  +0.020967
  [126] -0.074947  +0.000000  +0.009830  +0.052398  +0.012528  -0.018834
  [132] +0.006652  +0.023580  -0.029056  -0.064404  +0.044678  -0.033003
  [138] -0.010892  +0.154281  -0.047064  +0.082975  -0.015801  -0.097196
  [144] -0.002037  +0.123642  +0.102073  +0.031326  +0.020980  -0.008015
  [150] +0.007776  +0.004585  +0.151322  +0.106687  +0.063559  +0.046200
  [156] -0.064305  +0.013017  +0.039934  -0.024565  -0.000301  -0.000567
  [162] -0.001194  -0.034304  +0.000751  -0.100389  -0.004041  -0.076215
  [168] +0.017124  -0.023169  -0.013157  -0.049602  -0.038825  -0.022243
  [174] +0.004007  +0.028410  +0.103511  +0.009945  +0.027257  -0.007736
  [180] -0.027808  +0.015326  -0.023465  -0.029284  -0.055882  -0.066794
  [186] +0.085029  -0.016257  +0.034520  -0.013141  -0.043035  -0.077279
  [192] -0.047290  +0.085675  -0.016894  -0.048834  +0.088728  +0.076323
  [198] -0.048269  +0.067429  -0.050881  +0.097063  -0.013761  -0.052095
  [204] -0.065682  +0.086132  +0.022310  -0.003186  -0.007746  -0.006691
  [210] +0.082830  +0.045720  +0.047528  +0.024122  +0.034339  +0.016781
  [216] -0.077403  -0.068712  +0.049086  -0.023730  +0.040321  +0.108599
  [222] +0.024957  -0.000000  -0.048918  -0.006344  -0.036964  +0.001406
  [228] +0.017258  -0.030162  +0.003152  +0.032027  +0.124155  -0.027200
  [234] -0.051488  +0.013115  -0.065426  -0.024232  +0.034973  -0.020729
  [240] -0.060253  -0.049619  -0.013956  +0.004436  +0.031791  -0.048263
  [246] -0.015810  -0.025679  +0.039727  -0.009799  +0.013624  -0.069650
  [252] -0.042252  -0.051255  -0.058333  -0.014566  -0.084159  +0.026328
  [258] -0.009632  -0.083086  +0.065137  +0.004977  -0.061192  +0.066278
  [264] +0.072676  +0.005743  +0.031055  +0.058131  -0.032580  -0.057740
  [270] -0.064083  +0.021619  -0.042119  -0.028988  -0.007583  -0.052813
  [276] +0.026362  +0.016400  +0.022467  +0.035182  +0.041788  +0.001884
  [282] +0.060636  -0.025884  -0.036552  +0.036730  -0.001595  +0.031799
  [288] +0.046012  -0.066738  -0.001019  -0.158920  -0.054475  -0.012068
  [294] +0.060505  -0.017822  -0.101625  -0.072123  +0.037057  -0.023355
  [300] +0.005178  -0.027802  -0.028935  +0.018599  -0.002208  -0.009555
  [306] +0.017777  +0.016226  +0.006402  -0.000435  +0.023154  +0.080551
  [312] +0.049681  +0.093275  -0.154003  +0.031660  +0.008758  +0.091295
  [318] -0.005950  -0.000000  -0.069264  +0.022528  +0.009320  -0.069202
  [324] +0.060895  +0.004188  -0.021913  +0.015720  -0.030687  -0.112573
  [330] +0.082384  +0.084046  -0.031727  +0.004143  +0.012821  +0.007505
  [336] -0.042361  -0.022613  -0.039398  -0.061083  -0.038854  +0.076420
  [342] -0.039130  -0.035861  +0.022073  -0.033382  +0.072793  +0.061622
  [348] -0.026588  +0.063065  +0.009858  -0.034307  -0.025627  -0.040020
  [354] +0.026228  +0.114892  +0.062394  -0.003773  +0.069322  +0.034260
  [360] -0.005223  -0.051641  -0.009393  +0.030546  +0.081387  +0.055316
  [366] -0.121108  -0.066904  -0.073783  -0.036346  -0.011497  -0.032700
  [372] -0.037166  -0.015353  -0.070992  +0.017608  +0.011408  -0.023659
  [378] +0.085772  -0.024332  +0.096443  -0.046472  +0.088109  +0.061113

------------------------------------------------------------------------------
[C105]  ALL - scheme_list - S06
------------------------------------------------------------------------------
  | Scheme: All PPFAS schemes
  | Topic: Scheme list
  | Keywords: which schemes list funds offered covered cover coverage available amc ppfas scope answer handle
  | Fact: This assistant covers five PPFAS schemes: Parag Parikh Flexi Cap Fund, Parag Parikh ELSS Tax Saver Fund, Parag Parikh Conservative Hybrid Fund, Parag Parikh Dynamic Asset Allocation Fund and Parag Parikh Liquid Fund. The AMC's full scheme list also includes the Large Cap Fund and the Arbitrage Fund.

  vector (384 dims, L2 norm 1.0000):
  [  0] +0.024122  -0.028242  -0.049807  +0.011791  +0.111513  +0.075232
  [  6] +0.082267  +0.030783  -0.064162  +0.020895  -0.022479  +0.004931
  [ 12] -0.039430  -0.017382  +0.049376  -0.028926  -0.016102  -0.066968
  [ 18] +0.082558  +0.023992  +0.043899  -0.014341  -0.054710  -0.047371
  [ 24] +0.006993  +0.000411  +0.062976  -0.033029  -0.046497  +0.004814
  [ 30] -0.047978  +0.021009  +0.009108  +0.015364  +0.029589  +0.010273
  [ 36] -0.093406  +0.041262  -0.007844  +0.069000  -0.008468  +0.072466
  [ 42] -0.001109  -0.069673  +0.073735  -0.015663  +0.005829  +0.025128
  [ 48] -0.047092  -0.016322  +0.030225  -0.012850  -0.025801  +0.008959
  [ 54] +0.010878  -0.090506  -0.040675  -0.031231  -0.075473  -0.001738
  [ 60] -0.066461  -0.007563  -0.036680  -0.014775  -0.047297  +0.083827
  [ 66] -0.036170  +0.077815  +0.008334  -0.016742  -0.090169  +0.011206
  [ 72] -0.038281  -0.046592  -0.007476  +0.024203  +0.051250  -0.035067
  [ 78] -0.016467  -0.103127  -0.009185  -0.012259  +0.057993  -0.010984
  [ 84] +0.006888  +0.046593  +0.026274  -0.061593  -0.010230  -0.084953
  [ 90] +0.027705  -0.015886  +0.020483  +0.042789  -0.029705  -0.018735
  [ 96] -0.062106  -0.110634  -0.013395  -0.004921  +0.027791  -0.070049
  [102] +0.060812  -0.022524  -0.116441  +0.031198  +0.024341  +0.018782
  [108] +0.040158  +0.026959  -0.024288  +0.092576  -0.014307  -0.028768
  [114] -0.032518  +0.003550  -0.088666  -0.040298  +0.109650  +0.008381
  [120] +0.000385  -0.005842  +0.051387  -0.027218  -0.029006  -0.020064
  [126] -0.089060  +0.000000  -0.092328  +0.013982  +0.056575  -0.051318
  [132] -0.030555  -0.013363  +0.025737  -0.093432  +0.010762  +0.059406
  [138] +0.028475  +0.113175  -0.014575  +0.062146  -0.062609  -0.076817
  [144] +0.021536  +0.126194  -0.003343  +0.012383  +0.016590  +0.086367
  [150] +0.024832  -0.032500  +0.073827  +0.039740  +0.073515  +0.005192
  [156] +0.012922  +0.065740  -0.041038  +0.062026  -0.039935  -0.003482
  [162] +0.010867  +0.010610  -0.005652  -0.082832  -0.052939  -0.081259
  [168] -0.055776  +0.025171  +0.065779  +0.003856  -0.027046  -0.045175
  [174] -0.016276  +0.075481  +0.084203  +0.014799  -0.072656  -0.021351
  [180] -0.078248  -0.043523  +0.009140  -0.095208  -0.097560  -0.003578
  [186] +0.040945  +0.005534  +0.020972  -0.134675  -0.138187  -0.102259
  [192] -0.060611  +0.065015  -0.014623  -0.074883  +0.065580  +0.083453
  [198] -0.073799  +0.071629  +0.015722  +0.087960  -0.013210  -0.029831
  [204] +0.050677  +0.175115  +0.034950  +0.070405  -0.038799  -0.033540
  [210] -0.001828  +0.020271  -0.016846  +0.001326  +0.091620  +0.040928
  [216] +0.002849  -0.106869  +0.026845  +0.029038  +0.016334  -0.004359
  [222] +0.021237  -0.000000  +0.006570  -0.003801  +0.020774  +0.004718
  [228] +0.052102  +0.004411  +0.050481  -0.037189  +0.111259  +0.001332
  [234] -0.030400  +0.033480  -0.011411  -0.064228  -0.001076  -0.089193
  [240] -0.025942  -0.089578  +0.010725  -0.018131  +0.000220  -0.026675
  [246] +0.009640  -0.029931  +0.013510  +0.014821  -0.041187  +0.003065
  [252] +0.013950  +0.020088  -0.010107  -0.034231  -0.077499  +0.086640
  [258] -0.059912  -0.063815  -0.001181  +0.065062  -0.035508  +0.039996
  [264] +0.045096  -0.052598  +0.097543  +0.025258  -0.005394  -0.035013
  [270] -0.065489  +0.017084  +0.037403  -0.008467  -0.047766  -0.020184
  [276] +0.058376  -0.059473  -0.021328  -0.036320  +0.032050  -0.001354
  [282] +0.012813  -0.007227  +0.030507  +0.057828  +0.060002  +0.064334
  [288] -0.003808  -0.025031  +0.010676  -0.072875  -0.051201  -0.025763
  [294] -0.013461  -0.019978  -0.030806  +0.010926  -0.002152  +0.082423
  [300] -0.014214  +0.008080  +0.001667  +0.051008  +0.127927  -0.007443
  [306] -0.088885  +0.051560  +0.070755  +0.026292  +0.004988  +0.005383
  [312] +0.084542  +0.010745  -0.052727  -0.034476  +0.111802  +0.072855
  [318] +0.009122  -0.000000  -0.025874  +0.043143  +0.038257  -0.023609
  [324] -0.034010  -0.013955  -0.025677  -0.004155  -0.005663  +0.007353
  [330] +0.034594  +0.089687  +0.019567  +0.005507  -0.034627  -0.028449
  [336] -0.046892  +0.026633  +0.006087  +0.016043  -0.033636  +0.036128
  [342] -0.072884  -0.056149  +0.039780  +0.073417  +0.013095  +0.026479
  [348] +0.021680  +0.059392  +0.017291  -0.054191  -0.012348  -0.071642
  [354] -0.021368  +0.154682  +0.007376  +0.015605  +0.051294  +0.029599
  [360] +0.014055  -0.125351  +0.065842  -0.020349  +0.019455  +0.017728
  [366] -0.048960  -0.080656  +0.018127  -0.038802  -0.077052  +0.000849
  [372] -0.015612  -0.005129  -0.061091  +0.042144  -0.009151  -0.057534
  [378] +0.042132  -0.049433  +0.050774  -0.086893  +0.016857  +0.157814

------------------------------------------------------------------------------
[C106]  ALL - entry_load - S21
------------------------------------------------------------------------------
  | Scheme: All PPFAS schemes
  | Topic: Entry load
  | Keywords: entry load charged on purchase upfront commission
  | Fact: No PPFAS scheme charges an entry load; entry load has been Not Applicable since the SEBI circular dated June 30, 2009, effective August 1, 2009. Investors may pay commission to their distributor directly.

  vector (384 dims, L2 norm 1.0000):
  [  0] -0.028663  -0.053942  -0.051781  +0.019724  +0.015908  +0.014153
  [  6] +0.025819  +0.024564  -0.048793  -0.011270  +0.011387  +0.028131
  [ 12] +0.025637  -0.023589  +0.101862  +0.001849  +0.113533  -0.056936
  [ 18] +0.116920  +0.038971  +0.005200  -0.099386  -0.117375  -0.020789
  [ 24] +0.037077  -0.076830  -0.014656  +0.039982  +0.013216  +0.024403
  [ 30] -0.097503  +0.028823  -0.010721  -0.019747  +0.049078  -0.014937
  [ 36] -0.102392  -0.031480  -0.025393  +0.024004  +0.065071  -0.031081
  [ 42] -0.033165  +0.032021  +0.033407  -0.014785  +0.025687  +0.032676
  [ 48] -0.084630  +0.070708  +0.065331  -0.026299  +0.028459  +0.008391
  [ 54] -0.056959  -0.046056  +0.086583  -0.045051  -0.017572  -0.061773
  [ 60] -0.089765  -0.053391  -0.023562  +0.021202  +0.052157  +0.097700
  [ 66] -0.008769  +0.023248  -0.047198  -0.096549  -0.033129  -0.052451
  [ 72] -0.026587  -0.010337  -0.041332  -0.004189  +0.010942  +0.018343
  [ 78] -0.032348  -0.093089  +0.037869  +0.010805  +0.042712  -0.038883
  [ 84] +0.005091  +0.013497  +0.025250  -0.062374  +0.016846  +0.000277
  [ 90] +0.049683  +0.003167  +0.017135  +0.031130  -0.010714  -0.012971
  [ 96] -0.092522  -0.022284  -0.010485  -0.005626  +0.030526  +0.054063
  [102] +0.014763  +0.022264  -0.133454  +0.028813  -0.055120  +0.053247
  [108] -0.002829  +0.049703  -0.053013  +0.006953  +0.076900  -0.077638
  [114] +0.005895  +0.031553  -0.076642  +0.056690  +0.087638  -0.045152
  [120] +0.028799  -0.033605  -0.032080  -0.069552  -0.054241  -0.017940
  [126] -0.021076  +0.000000  -0.008114  +0.028346  +0.079739  -0.097927
  [132] -0.104553  -0.019797  +0.032264  -0.005637  -0.026989  +0.021299
  [138] +0.011769  +0.089392  +0.005612  +0.101803  +0.027956  +0.013580
  [144] -0.004855  +0.039027  +0.141987  +0.032333  +0.051060  -0.104387
  [150] -0.020838  -0.002299  +0.054688  +0.061000  +0.021499  +0.035651
  [156] -0.038117  +0.044640  +0.052241  -0.031124  -0.023323  +0.029116
  [162] +0.002182  -0.040541  +0.084342  -0.040573  -0.009922  -0.105058
  [168] -0.022101  +0.004739  +0.038478  -0.057716  -0.097079  -0.069197
  [174] -0.051937  -0.002496  -0.014558  +0.086546  -0.039998  -0.032827
  [180] -0.033926  +0.049895  +0.001034  -0.077858  -0.086212  -0.042893
  [186] +0.061141  +0.018023  +0.024825  -0.087480  -0.114756  -0.033682
  [192] -0.085537  +0.049646  -0.077405  -0.059984  -0.017282  +0.035447
  [198] -0.023110  +0.003423  -0.017424  -0.026120  +0.043101  -0.041376
  [204] -0.006935  +0.109651  +0.056087  +0.058550  -0.020538  -0.031128
  [210] +0.059388  -0.002884  +0.020817  +0.051693  +0.037397  -0.031716
  [216] -0.043719  -0.073064  +0.085170  -0.003873  +0.005853  +0.067060
  [222] +0.063909  -0.000000  +0.010952  +0.032671  -0.008422  -0.024868
  [228] +0.081266  +0.013683  +0.032904  -0.023246  +0.093827  +0.003493
  [234] -0.092736  +0.052086  -0.020578  -0.011287  +0.126164  -0.098768
  [240] -0.056287  +0.000110  -0.004790  +0.044973  +0.058436  -0.076974
  [246] +0.015340  -0.035527  +0.082123  -0.023231  +0.033740  -0.016025
  [252] -0.058289  +0.046376  -0.051073  +0.014426  -0.064583  +0.093320
  [258] -0.128677  -0.017259  +0.034943  +0.115091  -0.036768  +0.008161
  [264] -0.045200  +0.015840  +0.001635  +0.023184  -0.066183  -0.056496
  [270] -0.084243  +0.001426  +0.034719  -0.015510  -0.037314  +0.058332
  [276] +0.039633  +0.016549  -0.017889  +0.003207  +0.065784  +0.042481
  [282] -0.005295  -0.024678  +0.048486  +0.073525  +0.022164  -0.019429
  [288] +0.037684  -0.051908  +0.052596  -0.024362  -0.011548  +0.014195
  [294] -0.027688  -0.001638  -0.039749  -0.014294  -0.030559  +0.058024
  [300] +0.002194  +0.029472  -0.063664  +0.054897  +0.068583  -0.014885
  [306] +0.028307  +0.039026  +0.053795  -0.037962  +0.000381  +0.030943
  [312] +0.028965  +0.047510  -0.061854  -0.022720  +0.105159  +0.108827
  [318] +0.029414  -0.000000  -0.029267  +0.024245  +0.125886  +0.042764
  [324] +0.056373  +0.001063  +0.036008  +0.003918  -0.010382  +0.007776
  [330] +0.029252  +0.038311  +0.040641  -0.005797  -0.020136  +0.018359
  [336] +0.027909  +0.013085  -0.053258  -0.032286  -0.054990  +0.030711
  [342] -0.047173  -0.016250  -0.000705  +0.021257  -0.002807  -0.016706
  [348] +0.039947  +0.022410  -0.055889  +0.034647  +0.005737  -0.138611
  [354] -0.048299  +0.066925  +0.030029  -0.018157  +0.030727  -0.072799
  [360] -0.024585  -0.003842  +0.096171  -0.035153  +0.083115  +0.075969
  [366] -0.146140  -0.044030  +0.004108  +0.001984  -0.035794  -0.023914
  [372] -0.098385  +0.011355  -0.026932  +0.040920  -0.024864  -0.012286
  [378] +0.022947  +0.036868  +0.078719  -0.074211  +0.056372  +0.002638

------------------------------------------------------------------------------
[C107]  ALL - nav - S08
------------------------------------------------------------------------------
  | Scheme: All PPFAS schemes
  | Topic: Nav
  | Keywords: nav net asset value daily price unit price latest today where published
  | Fact: Daily NAV per unit for every PPFAS plan and option is published by the AMC, and the month-end NAV of each plan is printed in the monthly factsheet. This assistant does not quote or track NAV values.

  vector (384 dims, L2 norm 1.0000):
  [  0] -0.037324  -0.009816  -0.084414  +0.001155  +0.082785  +0.055494
  [  6] +0.065859  -0.014450  -0.036691  +0.071892  +0.029281  +0.058347
  [ 12] +0.053209  +0.044113  +0.018581  -0.062032  -0.040361  -0.013456
  [ 18] +0.070968  +0.004840  +0.035158  +0.053483  -0.017771  -0.019358
  [ 24] +0.035753  -0.011261  +0.051758  -0.005180  +0.022048  -0.000878
  [ 30] -0.075167  +0.073412  +0.012452  -0.014002  +0.012048  -0.082485
  [ 36] -0.119134  +0.035147  -0.028613  +0.052786  +0.069805  +0.013285
  [ 42] -0.003909  -0.058033  +0.043773  -0.016687  -0.019373  +0.011670
  [ 48] -0.004900  +0.103480  +0.021758  -0.015333  -0.000414  -0.045223
  [ 54] +0.052759  +0.030461  -0.088148  -0.062983  +0.012362  -0.024181
  [ 60] +0.002415  +0.002498  -0.045635  +0.008857  +0.098640  +0.055941
  [ 66] +0.034210  +0.098190  -0.028683  -0.073339  -0.105442  -0.013592
  [ 72] +0.020460  -0.026210  -0.014180  +0.018737  +0.041447  -0.073689
  [ 78] +0.008336  -0.087730  -0.069207  +0.002969  -0.020839  +0.009941
  [ 84] +0.054902  -0.011783  +0.042031  -0.001886  +0.028038  -0.076595
  [ 90] +0.014586  -0.003900  +0.036632  -0.021102  +0.002403  +0.038195
  [ 96] -0.124321  -0.077116  +0.016088  +0.017117  +0.055574  +0.050198
  [102] +0.044880  -0.001692  -0.122609  -0.025467  +0.037873  +0.067413
  [108] -0.055175  +0.124772  -0.060219  +0.069003  -0.013719  -0.113191
  [114] +0.037709  -0.007366  -0.016475  -0.053130  +0.041630  -0.048497
  [120] -0.049043  -0.043849  +0.019852  +0.047547  -0.021277  +0.033986
  [126] +0.061302  +0.000000  -0.103125  +0.024318  +0.053658  -0.102680
  [132] -0.011185  +0.017730  -0.011875  -0.049510  +0.055800  +0.022762
  [138] -0.036503  +0.181552  -0.062928  +0.087767  -0.038253  -0.059818
  [144] +0.000760  +0.043982  +0.000003  -0.025403  +0.023722  +0.074766
  [150] +0.038948  -0.012641  +0.090622  +0.058864  +0.029730  +0.058823
  [156] -0.032313  +0.027309  +0.079371  +0.006069  -0.009287  +0.031847
  [162] -0.018921  -0.005080  -0.029726  -0.031562  +0.005530  -0.047220
  [168] -0.031740  -0.015430  +0.043867  +0.013885  -0.088204  -0.002936
  [174] +0.004786  +0.034222  +0.046900  +0.013641  -0.051631  -0.002561
  [180] -0.105538  -0.035791  -0.031439  -0.033936  -0.104881  -0.050844
  [186] +0.043052  -0.030231  -0.021447  -0.024776  -0.016934  -0.100836
  [192] -0.103728  +0.095962  -0.012018  -0.045352  +0.100680  +0.036903
  [198] -0.006385  +0.071403  +0.050470  +0.058881  +0.026521  -0.007284
  [204] +0.004962  +0.099037  +0.024257  +0.037977  -0.057208  -0.024161
  [210] +0.022252  +0.090755  +0.064313  -0.001395  +0.062789  +0.015148
  [216] -0.016944  -0.027752  +0.002441  +0.035503  -0.026343  +0.036248
  [222] +0.026930  -0.000000  +0.009651  +0.057415  -0.048493  +0.064108
  [228] -0.019412  -0.085169  +0.012280  -0.032009  +0.057753  -0.011635
  [234] -0.028413  +0.023527  -0.016624  -0.039518  +0.076471  -0.077720
  [240] +0.031147  -0.077132  -0.014157  -0.017641  -0.055858  -0.022249
  [246] -0.062446  -0.029525  +0.078069  -0.002973  +0.100990  -0.002252
  [252] -0.039042  -0.020701  -0.086797  +0.001312  -0.043530  -0.004666
  [258] -0.052942  -0.059586  +0.058043  +0.013285  -0.048018  +0.065925
  [264] +0.079445  -0.048200  -0.000226  -0.034936  -0.014850  -0.008516
  [270] +0.039384  +0.017590  +0.046014  -0.050897  +0.050330  -0.027263
  [276] +0.052321  -0.019916  +0.030740  +0.042126  +0.002970  +0.020175
  [282] +0.006780  -0.033514  +0.041281  +0.041007  -0.008708  +0.035579
  [288] +0.008217  -0.063535  -0.002481  -0.076155  -0.063088  -0.011654
  [294] +0.031325  -0.079546  +0.025014  -0.088374  -0.079664  -0.010192
  [300] -0.023627  +0.035911  +0.034981  -0.046614  +0.040086  -0.017194
  [306] -0.032636  +0.049815  -0.000138  +0.012745  -0.035669  +0.030352
  [312] +0.068363  +0.080056  -0.127728  -0.085956  -0.053394  +0.058656
  [318] -0.070201  -0.000000  -0.026290  +0.068669  +0.073161  -0.022789
  [324] +0.013907  +0.055001  +0.007298  -0.023796  -0.006957  +0.108727
  [330] +0.142976  +0.007716  -0.074237  -0.027474  -0.071278  +0.063564
  [336] -0.035203  +0.053004  -0.014482  -0.085290  -0.027351  +0.075106
  [342] -0.082606  +0.021842  +0.011321  +0.063044  -0.020716  +0.078732
  [348] +0.037100  -0.020512  -0.010997  -0.028161  +0.071406  -0.103746
  [354] -0.017697  +0.074179  +0.028785  +0.048449  +0.043124  -0.031248
  [360] -0.058426  -0.073567  -0.001643  -0.037804  +0.014468  +0.071842
  [366] -0.043137  -0.036109  -0.028608  -0.025024  -0.061369  -0.011932
  [372] -0.018419  +0.027814  -0.050155  -0.026937  -0.008969  -0.103372
  [378] +0.005517  -0.043608  +0.028037  -0.026874  -0.058821  +0.065661

------------------------------------------------------------------------------
[C108]  ALL - aum - S08
------------------------------------------------------------------------------
  | Scheme: All PPFAS schemes
  | Topic: Aum
  | Keywords: aum assets under management fund size aaum how big corpus
  | Fact: AUM and average AUM for each PPFAS scheme are disclosed month by month in the AMC's monthly factsheet. This assistant does not quote AUM figures, because they change every month.

  vector (384 dims, L2 norm 1.0000):
  [  0] +0.061046  -0.055881  -0.098030  +0.069358  +0.067024  +0.058717
  [  6] +0.042291  +0.017104  -0.048610  +0.129057  +0.067165  -0.034310
  [ 12] -0.024219  -0.001043  +0.020053  +0.051126  +0.010338  -0.012969
  [ 18] +0.075211  -0.003126  +0.057596  -0.049953  -0.001408  +0.000708
  [ 24] +0.080544  +0.016080  -0.020774  -0.016622  +0.007936  +0.025528
  [ 30] -0.079851  +0.067714  +0.128012  -0.016444  +0.045331  -0.019915
  [ 36] -0.089710  +0.025404  +0.008691  -0.034672  +0.067752  +0.019767
  [ 42] +0.057980  -0.064271  +0.018305  +0.034007  +0.007546  +0.072821
  [ 48] -0.084339  +0.117530  +0.023726  +0.027948  -0.039652  -0.002886
  [ 54] -0.007250  -0.030397  -0.015928  -0.018358  -0.057988  -0.032515
  [ 60] -0.078173  -0.030428  -0.091765  +0.001095  +0.033967  +0.064494
  [ 66] -0.001897  +0.079852  -0.038087  +0.024195  -0.063250  -0.040422
  [ 72] -0.018576  -0.005136  +0.020413  +0.022459  -0.067924  -0.020794
  [ 78] +0.072767  -0.028559  -0.080479  +0.003974  +0.039859  -0.027484
  [ 84] +0.064362  +0.014572  +0.071402  -0.090149  -0.081422  -0.053830
  [ 90] +0.023452  -0.017229  +0.077591  +0.021320  +0.003701  -0.038659
  [ 96] -0.071870  -0.043343  +0.046583  -0.015230  +0.026668  +0.103518
  [102] +0.006002  -0.033005  -0.093650  +0.004664  -0.027681  +0.058517
  [108] +0.063486  +0.091705  -0.022313  +0.066483  -0.008578  -0.045020
  [114] +0.068379  -0.019463  -0.067568  -0.064666  +0.020529  +0.000281
  [120] -0.021503  +0.026748  +0.026842  +0.035080  +0.008890  -0.007282
  [126] +0.027164  +0.000000  -0.056636  +0.012612  +0.048934  -0.065754
  [132] +0.004103  +0.031070  -0.010778  -0.004265  +0.101277  +0.047637
  [138] +0.017101  +0.127805  +0.021129  +0.037174  -0.016066  -0.020075
  [144] +0.009872  +0.088180  +0.043297  -0.006019  +0.050560  +0.057291
  [150] +0.050134  -0.041324  +0.088989  +0.029413  +0.095626  +0.056289
  [156] -0.031922  +0.050469  +0.006454  -0.025159  -0.011031  -0.073934
  [162] -0.025157  -0.025639  +0.002290  -0.045088  -0.002317  -0.042723
  [168] -0.036607  -0.017736  +0.080523  -0.040759  -0.085150  -0.026911
  [174] +0.020695  +0.008073  +0.062236  +0.040059  -0.041576  -0.055099
  [180] -0.047480  -0.023698  +0.089056  -0.000504  -0.089393  -0.012970
  [186] +0.034972  -0.074753  +0.029297  -0.076265  -0.033237  -0.030501
  [192] -0.095746  +0.096404  -0.015637  -0.002565  +0.012862  +0.110712
  [198] -0.016744  +0.037233  -0.010809  +0.038311  -0.035569  -0.007105
  [204] +0.089441  +0.109222  -0.068663  +0.075462  -0.038062  +0.019703
  [210] +0.076624  +0.028351  -0.025630  -0.004017  +0.074719  +0.001811
  [216] -0.011458  -0.039695  +0.095758  -0.052237  -0.015580  +0.105509
  [222] -0.039290  -0.000000  -0.059764  +0.029187  +0.027225  +0.056540
  [228] +0.030968  -0.042896  -0.033134  +0.067046  +0.080848  -0.026435
  [234] -0.045951  +0.040932  -0.006434  -0.033882  +0.059546  -0.064514
  [240] +0.025411  +0.001321  +0.000402  +0.043488  -0.022241  -0.004705
  [246] -0.000919  -0.034277  +0.046290  +0.005586  -0.002449  -0.063862
  [252] -0.038852  +0.006315  -0.052968  -0.023832  -0.123511  -0.015579
  [258] -0.129118  -0.095441  -0.022842  +0.042503  -0.068827  +0.098974
  [264] +0.063258  -0.047368  -0.055374  -0.049723  -0.027019  -0.079687
  [270] -0.040223  -0.014388  +0.041533  -0.052447  -0.012635  -0.063969
  [276] +0.020826  -0.046298  -0.032734  -0.011369  +0.051813  +0.005172
  [282] +0.002527  -0.031120  +0.002742  +0.043277  +0.015061  +0.030098
  [288] -0.056404  -0.080005  -0.029475  -0.073213  -0.090293  +0.046679
  [294] +0.058362  +0.013566  -0.076840  +0.038028  -0.037650  +0.071509
  [300] -0.028197  -0.001621  -0.001927  -0.011747  +0.057345  +0.044930
  [306] -0.037239  +0.097494  -0.033946  +0.028543  -0.008325  +0.004954
  [312] -0.045136  +0.083277  -0.081014  -0.076037  -0.007190  +0.066438
  [318] -0.011952  -0.000000  -0.030218  +0.056876  +0.075599  -0.047877
  [324] -0.026953  +0.023706  -0.071382  +0.054931  -0.003512  +0.012468
  [330] +0.101978  +0.016015  -0.084432  -0.028840  -0.076619  +0.000695
  [336] -0.091814  -0.030985  -0.039501  -0.109017  -0.046514  +0.048278
  [342] +0.012611  -0.022800  +0.035767  +0.008941  -0.010785  +0.120398
  [348] -0.049764  +0.034943  +0.005993  -0.046653  -0.006122  -0.074147
  [354] -0.027008  +0.058436  +0.063122  -0.049113  +0.001932  -0.049678
  [360] -0.032337  -0.092006  +0.006771  +0.008587  +0.017905  +0.043149
  [366] +0.009167  -0.089226  -0.056234  -0.046631  +0.010341  -0.019174
  [372] -0.021025  -0.011065  -0.003371  +0.010838  +0.001485  -0.069042
  [378] +0.036659  -0.043288  +0.063408  -0.058982  -0.008428  +0.045729

==============================================================================
3. NEAREST NEIGHBOURS - what the model thinks is similar
==============================================================================

Cosine similarity between chunk vectors. This is the useful view: if the
embedding is working, a fact's closest neighbours are the same fact for
other schemes, or related facts for the same scheme.

[C01] PPFCF - expense_ratio
      0.9319  C04    PPDAAF  expense_ratio
      0.9276  C03    PPCHF   expense_ratio
      0.9236  C05    PPLF    expense_ratio
[C02] PPTSF - expense_ratio
      0.9136  C03    PPCHF   expense_ratio
      0.9108  C04    PPDAAF  expense_ratio
      0.9107  C05    PPLF    expense_ratio
[C03] PPCHF - expense_ratio
      0.9532  C04    PPDAAF  expense_ratio
      0.9418  C05    PPLF    expense_ratio
      0.9276  C01    PPFCF   expense_ratio
[C04] PPDAAF - expense_ratio
      0.9532  C03    PPCHF   expense_ratio
      0.9518  C05    PPLF    expense_ratio
      0.9319  C01    PPFCF   expense_ratio
[C05] PPLF - expense_ratio
      0.9518  C04    PPDAAF  expense_ratio
      0.9418  C03    PPCHF   expense_ratio
      0.9236  C01    PPFCF   expense_ratio
[C06] ALL - ter_where
      0.6803  C103   ALL     factsheet
      0.6189  C108   ALL     aum
      0.6162  C104   ALL     addendum
[C10] PPFCF - exit_load
      0.9162  C12    PPCHF   exit_load
      0.9112  C13    PPDAAF  exit_load
      0.8554  C14    PPLF    exit_load
[C11] PPTSF - exit_load
      0.8540  C12    PPCHF   exit_load
      0.8434  C13    PPDAAF  exit_load
      0.8278  C20    PPTSF   lock_in
[C12] PPCHF - exit_load
      0.9459  C13    PPDAAF  exit_load
      0.9162  C10    PPFCF   exit_load
      0.8759  C14    PPLF    exit_load
[C13] PPDAAF - exit_load
      0.9459  C12    PPCHF   exit_load
      0.9112  C10    PPFCF   exit_load
      0.8712  C14    PPLF    exit_load
[C14] PPLF - exit_load
      0.8759  C12    PPCHF   exit_load
      0.8712  C13    PPDAAF  exit_load
      0.8554  C10    PPFCF   exit_load
[C20] PPTSF - lock_in
      0.8278  C11    PPTSF   exit_load
      0.7620  C71    PPTSF   category
      0.7356  C81    PPTSF   inception
[C30] PPFCF - min_investment
      0.9376  C33    PPDAAF  min_investment
      0.9351  C32    PPCHF   min_investment
      0.9293  C34    PPLF    min_investment
[C31] PPTSF - min_investment
      0.9157  C32    PPCHF   min_investment
      0.9088  C33    PPDAAF  min_investment
      0.9043  C34    PPLF    min_investment
[C32] PPCHF - min_investment
      0.9485  C33    PPDAAF  min_investment
      0.9374  C34    PPLF    min_investment
      0.9351  C30    PPFCF   min_investment
[C33] PPDAAF - min_investment
      0.9485  C32    PPCHF   min_investment
      0.9480  C34    PPLF    min_investment
      0.9376  C30    PPFCF   min_investment
[C34] PPLF - min_investment
      0.9480  C33    PPDAAF  min_investment
      0.9374  C32    PPCHF   min_investment
      0.9293  C30    PPFCF   min_investment
[C40] PPFCF - min_sip
      0.9560  C44    PPLF    min_sip
      0.9527  C42    PPCHF   min_sip
      0.9508  C43    PPDAAF  min_sip
[C41] PPTSF - min_sip
      0.9199  C42    PPCHF   min_sip
      0.9187  C44    PPLF    min_sip
      0.9099  C43    PPDAAF  min_sip
[C42] PPCHF - min_sip
      0.9676  C44    PPLF    min_sip
      0.9648  C43    PPDAAF  min_sip
      0.9527  C40    PPFCF   min_sip
[C43] PPDAAF - min_sip
      0.9648  C44    PPLF    min_sip
      0.9648  C42    PPCHF   min_sip
      0.9508  C40    PPFCF   min_sip
[C44] PPLF - min_sip
      0.9676  C42    PPCHF   min_sip
      0.9648  C43    PPDAAF  min_sip
      0.9560  C40    PPFCF   min_sip
[C50] PPFCF - riskometer
      0.9317  C53    PPDAAF  riskometer
      0.9261  C52    PPCHF   riskometer
      0.9235  C54    PPLF    riskometer
[C51] PPTSF - riskometer
      0.9038  C52    PPCHF   riskometer
      0.8980  C53    PPDAAF  riskometer
      0.8965  C54    PPLF    riskometer
[C52] PPCHF - riskometer
      0.9439  C53    PPDAAF  riskometer
      0.9327  C54    PPLF    riskometer
      0.9261  C50    PPFCF   riskometer
[C53] PPDAAF - riskometer
      0.9439  C52    PPCHF   riskometer
      0.9364  C54    PPLF    riskometer
      0.9317  C50    PPFCF   riskometer
[C54] PPLF - riskometer
      0.9364  C53    PPDAAF  riskometer
      0.9327  C52    PPCHF   riskometer
      0.9235  C50    PPFCF   riskometer
[C55] ALL - riskometer_explainer
      0.7391  C50    PPFCF   riskometer
      0.7234  C54    PPLF    riskometer
      0.7208  C53    PPDAAF  riskometer
[C60] PPFCF - benchmark
      0.9070  C61    PPTSF   benchmark
      0.8773  C62    PPCHF   benchmark
      0.8598  C63    PPDAAF  benchmark
[C61] PPTSF - benchmark
      0.9070  C60    PPFCF   benchmark
      0.8620  C62    PPCHF   benchmark
      0.8286  C63    PPDAAF  benchmark
[C62] PPCHF - benchmark
      0.9379  C63    PPDAAF  benchmark
      0.8860  C64    PPLF    benchmark
      0.8773  C60    PPFCF   benchmark
[C63] PPDAAF - benchmark
      0.9379  C62    PPCHF   benchmark
      0.9009  C64    PPLF    benchmark
      0.8598  C60    PPFCF   benchmark
[C64] PPLF - benchmark
      0.9009  C63    PPDAAF  benchmark
      0.8860  C62    PPCHF   benchmark
      0.8560  C60    PPFCF   benchmark
[C70] PPFCF - category
      0.8779  C73    PPDAAF  category
      0.8675  C72    PPCHF   category
      0.8486  C90    PPFCF   fund_managers
[C71] PPTSF - category
      0.8206  C72    PPCHF   category
      0.8141  C70    PPFCF   category
      0.8093  C51    PPTSF   riskometer
[C72] PPCHF - category
      0.8684  C73    PPDAAF  category
      0.8675  C70    PPFCF   category
      0.8339  C74    PPLF    category
[C73] PPDAAF - category
      0.8779  C70    PPFCF   category
      0.8684  C72    PPCHF   category
      0.8377  C74    PPLF    category
[C74] PPLF - category
      0.8438  C70    PPFCF   category
      0.8377  C73    PPDAAF  category
      0.8339  C72    PPCHF   category
[C80] PPFCF - inception
      0.9339  C84    PPLF    inception
      0.9323  C82    PPCHF   inception
      0.9094  C83    PPDAAF  inception
[C81] PPTSF - inception
      0.9073  C82    PPCHF   inception
      0.8935  C83    PPDAAF  inception
      0.8885  C84    PPLF    inception
[C82] PPCHF - inception
      0.9410  C84    PPLF    inception
      0.9402  C83    PPDAAF  inception
      0.9323  C80    PPFCF   inception
[C83] PPDAAF - inception
      0.9402  C82    PPCHF   inception
      0.9240  C84    PPLF    inception
      0.9094  C80    PPFCF   inception
[C84] PPLF - inception
      0.9410  C82    PPCHF   inception
      0.9339  C80    PPFCF   inception
      0.9240  C83    PPDAAF  inception
[C90] PPFCF - fund_managers
      0.9061  C91    PPLF    fund_managers
      0.8486  C70    PPFCF   category
      0.7582  C72    PPCHF   category
[C91] PPLF - fund_managers
      0.9061  C90    PPFCF   fund_managers
      0.7961  C74    PPLF    category
      0.7450  C72    PPCHF   category
[C95] ALL - plans
      0.6188  C105   ALL     scheme_list
      0.5888  C102   ALL     documents
      0.5804  C72    PPCHF   category
[C100] ALL - capital_gains_statement
      0.6402  C101   ALL     account_statement
      0.6268  C103   ALL     factsheet
      0.5490  C102   ALL     documents
[C101] ALL - account_statement
      0.6402  C100   ALL     capital_gains_statement
      0.5346  C103   ALL     factsheet
      0.5114  C104   ALL     addendum
[C102] ALL - documents
      0.6470  C105   ALL     scheme_list
      0.6463  C103   ALL     factsheet
      0.5888  C95    ALL     plans
[C103] ALL - factsheet
      0.7807  C108   ALL     aum
      0.7522  C107   ALL     nav
      0.6803  C06    ALL     ter_where
[C104] ALL - addendum
      0.6162  C06    ALL     ter_where
      0.5815  C102   ALL     documents
      0.5772  C103   ALL     factsheet
[C105] ALL - scheme_list
      0.7227  C70    PPFCF   category
      0.7195  C72    PPCHF   category
      0.6982  C71    PPTSF   category
[C106] ALL - entry_load
      0.5877  C13    PPDAAF  exit_load
      0.5701  C12    PPCHF   exit_load
      0.5678  C11    PPTSF   exit_load
[C107] ALL - nav
      0.7522  C103   ALL     factsheet
      0.5966  C108   ALL     aum
      0.5931  C06    ALL     ter_where
[C108] ALL - aum
      0.7807  C103   ALL     factsheet
      0.6189  C06    ALL     ter_where
      0.5966  C107   ALL     nav
